Workbook

Sheet 총괄(사업자번호 입력)
C2: 노란색 칸은 꼭 입력 해주시기 바랍니다 | F2: 사업자번호(- 제외, 숫자만 입력) | G2: 7228602927 | I2: 노란색 입력 필요
B4: 과제번호 | C4: =IFERROR(VLOOKUP(G2,Sheet2!$A$2:$G$556,2,0),"자동입력") -> RS-2024-00443036 | E4: 주관연구개발기관명 | F4: =IFERROR(VLOOKUP(G2,Sheet2!$A$2:$G$556,3,0),"자동입력") -> 젝사젠 주식회사
B5: 집체협약 일정 | C5: =IFERROR(VLOOKUP(G2,Sheet2!$A$2:$G$556,4,0),"자동입력") -> 2024-08-22(목) 10:00 | E5: 확정 정부지원금 (천원) | F5: =IFERROR(VLOOKUP(G2,Sheet2!$A$2:$G$556,7,0),"자동입력") -> 120000
B7: 0. 연구개발비 구성 | E7: 정부출연금, 기관부담금 비율은 7.5:2.5 | H7: 기관부담금 현물, 현금 비율은 9:1까지 가능함.
M8: (단위:천원)
B9: 차수 | C9: 정부지원연구개발비(천원) | E9: 기관부담연구개발비(천원) | I9: 소 계 | M9: 합계
C10: 현금 | D10: 비율 | E10: 현금 | F10: 비율 | G10: 현물 | H10: 기관부담금 합계 | I10: 현금 | J10: 비율 | K10: 현물 | L10: 비율
B11: 1차년도 | C11: =C13/2 -> 60000 | D11: =IFERROR(C11/M11*100,"") -> 75 | E11: =E13/2 -> 2000 | F11: =IFERROR(E11/(E11+G11)*100,"") -> 10 | G11: =G13/2 -> 18000 | H11: =E11+G11 -> 20000 | I11: =C11+E11 -> 62000 | J11: =IFERROR(I11/M11,"") -> 0.775 | K11: =G11 -> 18000 | L11: =IFERROR(K11/M11,"") -> 0.225 | M11: =I11+K11 -> 80000
B12: 2차년도 | C12: =C13/2 -> 60000 | D12: =IFERROR(C12/M12*100,"") -> 75 | E12: =E13/2 -> 2000 | F12: =IFERROR(E12/(E12+G12)*100,"") -> 10 | G12: =G13/2 -> 18000 | H12: =E12+G12 -> 20000 | I12: =C12+E12 -> 62000 | J12: =IFERROR(I12/M12,"") -> 0.775 | K12: =G12 -> 18000 | L12: =IFERROR(K12/M12,"") -> 0.225 | M12: =I12+K12 -> 80000
B13: 합계 | C13: =F5 -> 120000 | D13: =IFERROR(C13/M13*100,"") -> 75 | E13: =ROUNDUP(C13/3*0.1,0) -> 4000 | F13: =IFERROR(E13/(E13+G13)*100,"") -> 10 | G13: =C13/3*0.9 -> 36000 | H13: =E13+G13 -> 40000 | I13: =C13+E13 -> 124000 | J13: =IFERROR(I13/M13,"") -> 0.775 | K13: =G13 -> 36000 | L13: =IFERROR(K13/M13,"") -> 0.225 | M13: =I13+K13 -> 160000
F14: =IFERROR((E13+G13)/M13,"") -> 0.25 | G14: =IF(F13>=10,"적절","부적절") -> 적절 | H14: =IF(((E13+G13)/(C13+E13+G13))<0.25,"기관부담연구개발비 부족","적절") -> 적절

Sheet 1차년도
H1: 노란색 입력 필요
B2: 1차년도 연구개발비 구성
M3: (단위:천원)
B4: 차수 | C4: 정부지원연구개발비(천원) | E4: 기관부담연구개발비(천원) | I4: 소 계 | M4: 합계 | P4: ★3-1 인건비 작성여부★(엑셀 오른쪽에 있습니다.)
C5: 현금 | D5: 비율 | E5: 현금 | F5: 비율 | G5: 현물 | H5: 기관부담금 합계 | I5: 현금 | J5: 비율 | K5: 현물 | L5: 비율
B6: 1 | C6: ='총괄(사업자번호 입력)'!C11 -> 60000 | D6: =IFERROR(C6/M6*100,"") -> 75 | E6: =ROUNDUP(C6/3*0.1,0) -> 2000 | F6: =IFERROR(E6/(E6+G6)*100,"") -> 10 | G6: =C6/3*0.9 -> 18000 | H6: =E6+G6 -> 20000 | I6: =C6+E6 -> 62000 | J6: =IFERROR(I6/M6,"") -> 0.775 | K6: =G6 -> 18000 | L6: =IFERROR(K6/M6,"") -> 0.225 | M6: =I6+K6 -> 80000
F7: =IFERROR((E6+G6)/M6,"") -> 0.25 | G7: =IF(F6>=10,"적절","부적절") -> 적절 | H7: =IF(((E6+G6)/(C6+E6+G6))<0.2,"기관부담연구개발비 부족","적절") -> 적절
B12: 1. 연구개발비 분담내역(작성필요) | D12: *공동, 위탁은 있는 경우만 작성
J13: (단위:천원)
B14: 차수 | C14: 구분 | D14: 기관명 | E14: 정부지원연구개발비 | F14: 기관부담연구개발비 | I14: 총연구개발비 | J14: 검증결과 (적절, 부적절)
E15: 현금 | F15: 현금 | G15: 현물 | H15: 계
B16: 1 | C16: 주관연구개발기관 | D16: ='총괄(사업자번호 입력)'!F4 -> 젝사젠 주식회사 | E16: 60000 | F16: 2000 | G16: 18000 | H16: =SUM(F16:G16) -> 20000 | I16: =H16+E16 -> 80000 | J16: =IF(COUNTBLANK(D16)=1,"적절",IF(I16=L86,"적절","부적절")) -> 적절
B17: 1 | C17: 공동연구개발기관(1) | H17: =SUM(F17:G17) -> 0 | I17: =H17+E17 -> 0 | J17: =IF(COUNTBLANK(D17)=1,"적절",IF(I17=L111,"적절","부적절")) -> 적절
B18: 1 | C18: 공동연구개발기관(2) | H18: =SUM(F18:G18) -> 0 | I18: =H18+E18 -> 0 | J18: =IF(COUNTBLANK(D18)=1,"적절",IF(I18=L136,"적절","부적절")) -> 적절
B19: 1 | C19: 위탁연구개발기관(1) | H19: =SUM(F19:G19) -> 0 | I19: =H19+E19 -> 0 | J19: =IF(COUNTBLANK(D19)=1,"적절",IF(I19=L162,"적절","부적절")) -> 적절
B20: 1 | C20: 위탁연구개발기관(2) | H20: =SUM(F20:G20) -> 0 | I20: =H20+E20 -> 0 | J20: =IF(COUNTBLANK(D20)=1,"적절",IF(I20=L188,"적절","부적절")) -> 적절
B21: 합계 | E21: =SUM(E16:E19) -> 60000 | F21: =SUM(F16:F19) -> 2000 | G21: =SUM(G16:G19) -> 18000 | H21: =SUM(F21:G21) -> 20000 | I21: =SUM(I16:I19) -> 80000 | J21: =IF(I21=L54,"적절","부적절") -> 적절
E22: =IF(E21=C6,"적절","부적절") -> 적절 | F22: =IF(F21=E6,"적절","부적절") -> 적절 | G22: =IF(G21=G6,"적절","부적절") -> 적절
B24: 2. 연구개발비(총괄-자동반영), 직접 입력 금지
M25: (단위:천원)
B26: 차수 | C26: 구분 | D26: 과제번호 | E26: 구 분 | F26: 비목 | H26: 현금 | J26: 현물 | L26: 총계 | N26: 주요 검토결과 (적절, 부적절)
H27: 현금(천원) (A) | I27: 비율 (A/C) | J27: 현물(천원) (B) | K27: 비율 (B/C) | L27: 소계(천원) (C) | M27: 총연구개발비대비 비율
B28: 1 | C28: 총 연구개발비 | D28: ='총괄(사업자번호 입력)'!C4:D4 -> 0 | E28: 직접비 | F28: 인건비 | G28: 기존인력인건비 | H28: =H61+H90+H115 -> 7500 | I28: =IFERROR(H28/L28,"") -> 0.29411765 | J28: =J61+J90+J115 -> 18000 | K28: =IFERROR(J28/L28,"") -> 0.70588235 | L28: =H28+J28 -> 25500 | M28: =IFERROR(L28/$L$54,"") -> 0.31875
G29: 신규인력인건비 | H29: =H62+H91+H116 -> 43333 | I29: =IFERROR(H29/L29,"") -> 1 | J29: =J62+J91+J116 -> 0 | K29: =IFERROR(J29/L29,"") -> 0 | L29: =H29+J29 -> 43333 | M29: =IFERROR(L29/$L$54,"") -> 0.5416625
G30: 외부인건비 | H30: =H63+H92+H117 -> 0 | I30: =IFERROR(H30/L30,"") | J30: =J63+J92+J117 -> 0 | K30: =IFERROR(J30/L30,"") | L30: =H30+J30 -> 0 | M30: =IFERROR(L30/$L$54,"") -> 0
F31: 인건비 소계 | H31: =H28+H29+H30 -> 50833 | I31: =IFERROR(H31/L31,"") -> 0.73849752 | J31: =SUM(J28:J30) -> 18000 | K31: =IFERROR(J31/L31,"") -> 0.26150248 | L31: =H31+J31 -> 68833 | M31: =IFERROR(L31/$L$54,"") -> 0.8604125
F32: 연구시설·장비비 | H32: =H65+H94+H119 -> 0 | I32: =IFERROR(H32/L32,"") | J32: =J65+J94+J119 -> 0 | K32: =IFERROR(J32/L32,"") | L32: =H32+J32 -> 0 | M32: =IFERROR(L32/$L$54,"") -> 0
F33: 연구재료비 | H33: =H66+H95+H120 -> 0 | I33: =IFERROR(H33/L33,"") | J33: =J66+J95+J120 -> 0 | K33: =IFERROR(J33/L33,"") | L33: =H33+J33 -> 0 | M33: =IFERROR(L33/$L$54,"") -> 0
F34: 연구활동비 | G34: 지식재산 창출활동비 | H34: =H67+H96+H121 -> 0 | I34: =IFERROR(H34/L34,"") | L34: =H34+J34 -> 0 | M34: =IFERROR(L34/$L$54,"") -> 0
G35: 외부 전문기술 활용비 | H35: =H68+H97+H122 -> 600 | I35: =IFERROR(H35/L35,"") -> 1 | L35: =H35+J35 -> 600 | M35: =IFERROR(L35/$L$54,"") -> 0.0075 | N35: =IFERROR(L35/L49,"") -> 0.0076726343 | O35: =IF(N35<0.4,"적절","부적절") -> 적절
G36: 회의비 | H36: =H69+H98+H123 -> 1000 | I36: =IFERROR(H36/L36,"") -> 1 | L36: =H36+J36 -> 1000 | M36: =IFERROR(L36/$L$54,"") -> 0.0125
G37: 출장비 | H37: =H70+H99+H124 -> 0 | I37: =IFERROR(H37/L37,"") | L37: =H37+J37 -> 0 | M37: =IFERROR(L37/$L$54,"") -> 0
G38: 클라우드컴퓨팅 서비스 활용비 | H38: =H71+H100+H125 -> 3000 | I38: =IFERROR(H38/L38,"") -> 1 | L38: =H38+J38 -> 3000 | M38: =IFERROR(L38/$L$54,"") -> 0.0375
G39: 소프트웨어 활용비 | H39: =H72+H101+H126 -> 0 | I39: =IFERROR(H39/L39,"") | L39: =H39+J39 -> 0 | M39: =IFERROR(L39/$L$54,"") -> 0
G40: 연구실운영비 | H40: =H73+H102+H127 -> 0 | I40: =IFERROR(H40/L40,"") | L40: =H40+J40 -> 0 | M40: =IFERROR(L40/$L$54,"") -> 0
G41: 연구인력 지원비 | H41: =H74+H103+H128 -> 0 | I41: =IFERROR(H41/L41,"") | L41: =H41+J41 -> 0 | M41: =IFERROR(L41/$L$54,"") -> 0
G42: 그 밖의 비용 | H42: =H76+H104+H129+H75 -> 267 | I42: =IFERROR(H42/L42,"") -> 1 | L42: =H42+J42 -> 267 | M42: =IFERROR(L42/$L$54,"") -> 0.0033375
F43: 연구활동비 소계 | H43: =SUM(H34:H42) -> 4867 | I43: =IFERROR(H43/L43,"") -> 1 | L43: =H43+J43 -> 4867 | M43: =IFERROR(L43/$L$54,"") -> 0.0608375
F44: 연구수당 | H44: =H78+H105+H130 -> 4500 | I44: =IFERROR(H44/L44,"") -> 1 | L44: =H44+J44 -> 4500 | M44: =IFERROR(L44/$L$54,"") -> 0.05625
F45: 위탁연구개발비 | G45: 직접비(인건비) | H45: =H144+H170 -> 0 | I45: =IFERROR(H45/L45,"") | L45: =H45+J45 -> 0 | M45: =IFERROR(L45/$L$54,"") -> 0
G46: 직접비(인건비 제외) | H46: =H157-H144+H183-H170 -> 0 | I46: =IFERROR(H46/L46,"") | L46: =H46+J46 -> 0 | M46: =IFERROR(L46/$L$54,"") -> 0
G47: 간접비 | H47: =H161+H187 -> 0 | I47: =IFERROR(H47/L47,"") | L47: =H47+J47 -> 0 | M47: =IFERROR(L47/$L$54,"") -> 0
F48: 위탁연구개발비 소계 | H48: =H45+H46+H47 -> 0 | I48: =IFERROR(H48/L48,"") | J48: =J45+J46+J47 -> 0 | K48: =IFERROR(J48/L48,"") | L48: =H48+J48 -> 0 | M48: =IFERROR(L48/$L$54,"") -> 0 | N48: =IFERROR(L48/(L49-L48),"") -> 0 | O48: =IF(N48<0.4,"적절","부적절") -> 적절
E49: 직접비 소계 | H49: =SUM(H31,H32,H33,H43,H44,H48) -> 60200 | I49: =IFERROR(H49/L49,"") -> 0.76982097 | J49: =J31+SUM(J32:J44)+J48 -> 18000 | K49: =IFERROR(J49/L49,"") -> 0.23017903 | L49: =H49+J49 -> 78200 | M49: =IFERROR(L49/$L$54,"") -> 0.9775
E50: 간접비 | F50: 인력지원비 | H50: =H80+H107+H132 -> 0 | I50: =IFERROR(H50/L50,"") | L50: =H50+J50 -> 0 | M50: =IFERROR(L50/$L$54,"") -> 0
F51: 연구지원비 | H51: =H81+H108+H133+H82 -> 100 | I51: =IFERROR(H51/L51,"") -> 1 | L51: =H51+J51 -> 100 | M51: =IFERROR(L51/$L$54,"") -> 0.00125
F52: 성과활용지원비 | H52: =H83+H84 -> 1700 | I52: =IFERROR(H52/L52,"") -> 1 | L52: =H52+J52 -> 1700 | M52: =IFERROR(L52/$L$54,"") -> 0.02125
E53: 간접비 소계 | H53: =SUM(H50:H52) -> 1800 | I53: =IFERROR(H53/L53,"") -> 1 | L53: =SUM(L50:L52) -> 1800 | M53: =IFERROR(L53/$L$54,"") -> 0.0225
D54: 합계 | H54: =H49+H53 -> 62000 | I54: =IFERROR(H54/L54,"") -> 0.775 | J54: =J49+J53 -> 18000 | K54: =IFERROR(J54/L54,"") -> 0.225 | L54: =L49+L53 -> 80000 | M54: =IFERROR(L54/$L$54,"") -> 1
B57: 3. 수행기관별 연구개발비(작성필요) | E57: 공동/위탁연구개발기관이 있는 경우 참여기업도 동일하게 작성요망(변경된 비목이 많으므로 주의하세요, 우측 인건비 상세내역 필수 작성) | R57: 3-1. 수행기관별 인건비(작성필요)
M58: (단위:천원) | AD58: (단위 : 천원)
B59: 차수 | C59: 구분 | D59: 기관명 | E59: 구 분 | F59: 비목 | H59: 현금 | J59: 현물 | L59: 총계 | N59: 주요 검토결과 (적절, 부적절) | R59: 구 분 | U59: 인력 구분 | V59: 성명 | W59: 직위 | X59: 연봉 | Y59: 현금계상률 | Z59: 현물계상률 | AA59: 미지급계상률 | AB59: 합 계
H60: 현금(천원) (A) | I60: 비율 (A/C) | J60: 현물(천원) (B) | K60: 비율 (B/C) | L60: 소계(천원) (C) | M60: 총연구개발비대비 비율 | X60: (참여기간 개월 수 기준 작성) | Y60: (%) | Z60: (%) | AA60: (%)
B61: 1 | C61: 주관연구 개발기관 | D61: =D16 -> 젝사젠 주식회사 | E61: 직접비 | F61: 인건비 | G61: 기존인력인건비 | H61: 7500 | I61: =IFERROR(H61/L61,"") -> 0.29411765 | J61: 18000 | K61: =IFERROR(J61/L61,"") -> 0.70588235 | L61: =H61+J61 -> 25500 | M61: =IFERROR(L61/$L$86,"") -> 0.31875 | X61: (A) | Y61: (B) | Z61: (C) | AB61: 현금 | AC61: 현물 | AD61: 계
G62: 신규인력인건비 | H62: 43333 | I62: =IFERROR(H62/L62,"") -> 1 | K62: =IFERROR(J62/L62,"") -> 0 | L62: =H62+J62 -> 43333 | M62: =IFERROR(L62/$L$86,"") -> 0.5416625 | R62: 주관연구 개발기관 | S62: =D16 -> 젝사젠 주식회사 | T62: 인건비 | U62: 기존인력 | V62: 박문식 | W62: 대표 | X62: 40000 | Y62: 0.1 | Z62: 0.36 | AB62: =X62*Y62 -> 4000 | AC62: =X62*Z62 -> 14400 | AD62: =SUM(AB62:AC62) -> 18400
G63: 외부인건비 | I63: =IFERROR(H63/L63,"") | K63: =IFERROR(J63/L63,"") | L63: =H63+J63 -> 0 | M63: =IFERROR(L63/$L$86,"") -> 0 | V63: 박문식 | W63: 대표 | X63: 10000 | Y63: 0.35 | Z63: 0.36 | AB63: 3500 | AC63: 3600 | AD63: =SUM(AB63:AC63) -> 7100
F64: 총 인건비 소계 | H64: =SUM(H61:H63) -> 50833 | I64: =IFERROR(H64/L64,"") -> 0.73849752 | J64: =SUM(J61:J63) -> 18000 | K64: =IFERROR(J64/L64,"") -> 0.26150248 | L64: =SUM(L61:L63) -> 68833 | M64: =IFERROR(L64/$L$86,"") -> 0.8604125 | AD64: =SUM(AB64:AC64) -> 0
F65: 연구시설·장비비 | I65: =IFERROR(H65/L65,"") | K65: =IFERROR(J65/L65,"") | L65: =H65+J65 -> 0 | M65: =IFERROR(L65/$L$86,"") -> 0 | AD65: =SUM(AB65:AC65) -> 0
F66: 연구재료비 | I66: =IFERROR(H66/L66,"") | K66: =IFERROR(J66/L66,"") | L66: =H66+J66 -> 0 | M66: =IFERROR(L66/$L$86,"") -> 0
F67: 연구활동비 | G67: 지식재산 창출활동비 | I67: =IFERROR(H67/L67,"") | L67: =H67+J67 -> 0 | M67: =IFERROR(L67/$L$86,"") -> 0 | AD67: =SUM(AB67:AC67) -> 0
G68: 외부 전문기술 활용비 | H68: 600 | I68: =IFERROR(H68/L68,"") -> 1 | L68: =H68+J68 -> 600 | M68: =IFERROR(L68/$L$86,"") -> 0.0075 | N68: =IFERROR(L68/L79,"") -> 0.0076726343 | O68: =IF(N68<0.4,"적절","부적절") -> 적절 | U68: 신규인력 | V68: 장길석 | W68: 수석 | X68: 30000 | Y68: 0.55 | AB68: =X68*Y68 -> 16500 | AD68: =SUM(AB68:AC68) -> 16500
G69: 회의비 | H69: 1000 | I69: =IFERROR(H69/L69,"") -> 1 | L69: =H69+J69 -> 1000 | M69: =IFERROR(L69/$L$86,"") -> 0.0125 | V69: 장길석 | W69: 수석 | X69: 7500 | Y69: 0.4 | AB69: =X69*Y69 -> 3000 | AD69: =SUM(AB69:AC69) -> 3000
G70: 출장비 | I70: =IFERROR(H70/L70,"") | L70: =H70+J70 -> 0 | M70: =IFERROR(L70/$L$86,"") -> 0 | V70: 김현기 | W70: 수석 | X70: 33333 | Y70: 0.55 | AB70: =X70*Y70 -> 18333.15 | AD70: =SUM(AB70:AC70) -> 18333.15
G71: 클라우드컴퓨팅 서비스 활용비 | H71: 3000 | V71: 한태현 | W71: 선임 | X71: 18333 | Y71: 0.3 | AB71: =X71*Y71 -> 5499.9 | AD71: =SUM(AB71:AC71) -> 5499.9
A72: ㅑ | G72: 소프트웨어 활용비 | I72: =IFERROR(H72/L72,"") | L72: =H72+J72 -> 0 | M72: =IFERROR(L72/$L$86,"") -> 0 | AD72: =SUM(AB72:AC72) -> 0
G73: 연구실운영비 | I73: =IFERROR(H73/L73,"") | L73: =H73+J73 -> 0 | M73: =IFERROR(L73/$L$86,"") -> 0 | U73: 소 계 | AB73: =SUM(AB62:AB72) -> 50833.05 | AC73: =SUM(AC62:AC72) -> 18000 | AD73: =SUM(AD62:AD72) -> 68833.05
G74: 연구인력 지원비 | I74: =IFERROR(H74/L74,"") | L74: =H74+J74 -> 0 | M74: =IFERROR(L74/$L$86,"") -> 0 | U74: 외부인력 | AD74: =SUM(AB74:AC74) -> 0
G75: 그 밖의 비용 | I75: =IFERROR(H75/L75,"") | L75: =H75+J75 -> 0 | M75: =IFERROR(L75/$L$86,"") -> 0 | AD75: =SUM(AB75:AC75) -> 0
G76: 그 밖의 비용 | H76: 267 | I76: =IFERROR(H76/L76,"") -> 1 | L76: =H76+J76 -> 267 | M76: =IFERROR(L76/$L$86,"") -> 0.0033375 | AD76: =SUM(AB76:AC76) -> 0
F77: 연구활동비 소계 | H77: =SUM(H67:H76) -> 4867 | I77: =IFERROR(H77/L77,"") -> 1 | L77: =H77+J77 -> 4867 | M77: =IFERROR(L77/$L$86,"") -> 0.0608375 | AD77: =SUM(AB77:AC77) -> 0
F78: 연구수당 | H78: 4500 | I78: =IFERROR(H78/L78,"") -> 1 | L78: =H78+J78 -> 4500 | M78: =IFERROR(L78/$L$86,"") -> 0.05625 | N78: =IFERROR(H78/L64,"") -> 0.065375619 | O78: =IF(N78<=0.2,"적절","부적절") -> 적절 | AD78: =SUM(AB78:AC78) -> 0
E79: 직접비 소계 | H79: =SUM(H64,H65,H66,H77,H78) -> 60200 | I79: =IFERROR(H79/L79,"") -> 0.76982097 | J79: =SUM(J64:J78) -> 18000 | K79: =IFERROR(J79/L79,"") -> 0.23017903 | L79: =SUM(L64,L65,L66,L77,L78) -> 78200 | M79: =IFERROR(L79/$L$86,"") -> 0.9775 | U79: 소 계 | AB79: =SUM(AB74:AB78) -> 0 | AC79: =SUM(AC74:AC78) -> 0 | AD79: =SUM(AD74:AD78) -> 0
E80: 간접비 | F80: 인력지원비 | I80: =IFERROR(H80/L80,"") | L80: =H80+J80 -> 0 | M80: =IFERROR(L80/$L$86,"") -> 0 | R80: 합 계 | AB80: =AB73+AB79 -> 50833.05 | AC80: =AC73+AC79 -> 18000 | AD80: =AD73+AD79 -> 68833.05
F81: 연구지원비 | H81: 100 | I81: =IFERROR(H81/L81,"") -> 1 | L81: =H81+J81 -> 100 | M81: =IFERROR(L81/$L$86,"") -> 0.00125
F82: 연구지원비 | L82: =H82+J82 -> 0 | M82: =IFERROR(L82/$L$86,"") -> 0
F83: 성과활용지원비 | H83: 1500 | I83: =IFERROR(H83/L83,"") -> 1 | L83: =H83+J83 -> 1500 | M83: =IFERROR(L83/$L$86,"") -> 0.01875
F84: 성과활용지원비(기업신용평가비)(필수) | H84: 200 | L84: =H84+J84 -> 200 | M84: =IFERROR(L84/$L$86,"") -> 0.0025
E85: 간접비 소계 | H85: =SUM(H80:H84) -> 1800 | I85: =IFERROR(H85/L85,"") -> 1 | L85: =SUM(L80:L84) -> 1800 | M85: =IFERROR(L85/H79,"") -> 0.029900332 | N85: =IFERROR(L85/H79,"") -> 0.029900332 | O85: =IF(N85<0.1,"적절","부적절") -> 적절
D86: 합계 | H86: =H79+H85 -> 62000 | I86: =IFERROR(H86/L86,"") -> 0.775 | J86: =J79+J85 -> 18000 | K86: =IFERROR(J86/L86,"") -> 0.225 | L86: =L79+L85 -> 80000 | M86: =IFERROR(L86/$L$86,"") -> 1
M87: (단위:천원) | AD87: (단위 : 천원)
B88: 차수 | C88: 구분 | D88: 기관명 | E88: 구 분 | F88: 비목 | H88: 현금 | J88: 현물 | L88: 총계 | N88: 주요 검토결과 (적절, 부적절) | R88: 구 분 | U88: 인력 구분 | V88: 성명 | W88: 직위 | X88: 연봉 | Y88: 현금계상률 | Z88: 현물계상률 | AA88: 미지급계상률 | AB88: 합 계
H89: 현금(천원) (A) | I89: 비율 (A/C) | J89: 현물(천원) (B) | K89: 비율 (B/C) | L89: 소계(천원) (C) | M89: 총연구개발비대비 비율 | X89: (참여기간 개월 수 기준 작성) | Y89: (%) | Z89: (%) | AA89: (%)
B90: 1 | C90: 공동연구 개발기관1 | D90: =D17 -> 0 | E90: 직접비 | F90: 인건비 | G90: 기존인력인건비 | I90: =IFERROR(H90/L90,"") | K90: =IFERROR(J90/L90,"") | L90: =H90+J90 -> 0 | M90: =IFERROR(L90/$L$111,"") | X90: (A) | Y90: (B) | Z90: (C) | AB90: 현금 | AC90: 현물 | AD90: 계
G91: 신규인력인건비 | I91: =IFERROR(H91/L91,"") | K91: =IFERROR(J91/L91,"") | L91: =H91+J91 -> 0 | M91: =IFERROR(L91/$L$111,"") | R91: 공동연구 개발기관1 | S91: =D17 -> 0 | T91: 인건비 | U91: 기존인력 | AD91: =SUM(AB91:AC91) -> 0
G92: 외부인건비 | I92: =IFERROR(H92/L92,"") | K92: =IFERROR(J92/L92,"") | L92: =H92+J92 -> 0 | M92: =IFERROR(L92/$L$111,"") | AD92: =SUM(AB92:AC92) -> 0
F93: 인건비 소계 | H93: =SUM(H90:H92) -> 0 | I93: =IFERROR(H93/L93,"") | J93: =SUM(J90:J92) -> 0 | K93: =IFERROR(J93/L93,"") | L93: =SUM(L90:L92) -> 0 | M93: =IFERROR(L93/$L$111,"") | AD93: =SUM(AB93:AC93) -> 0
F94: 연구시설·장비비 | I94: =IFERROR(H94/L94,"") | K94: =IFERROR(J94/L94,"") | L94: =H94+J94 -> 0 | M94: =IFERROR(L94/$L$111,"") | AD94: =SUM(AB94:AC94) -> 0
F95: 연구재료비 | I95: =IFERROR(H95/L95,"") | K95: =IFERROR(J95/L95,"") | L95: =H95+J95 -> 0 | M95: =IFERROR(L95/$L$111,"") | AD95: =SUM(AB95:AC95) -> 0
F96: 연구활동비 | G96: 지식재산 창출활동비 | I96: =IFERROR(H96/L96,"") | L96: =H96+J96 -> 0 | M96: =IFERROR(L96/$L$111,"") | AD96: =SUM(AB96:AC96) -> 0
G97: 외부 전문기술 활용비 | I97: =IFERROR(H97/L97,"") | M97: =IFERROR(L97/$L$111,"") | N97: =IFERROR(L97/L106,0) -> 0 | O97: =IF(N97<0.4,"적절","부적절") -> 적절 | AD97: =SUM(AB97:AC97) -> 0
G98: 회의비 | I98: =IFERROR(H98/L98,"") | L98: =H98+J98 -> 0 | M98: =IFERROR(L98/$L$111,"") | U98: 신규인력 | AD98: =SUM(AB98:AC98) -> 0
G99: 출장비 | I99: =IFERROR(H99/L99,"") | L99: =H99+J99 -> 0 | M99: =IFERROR(L99/$L$111,"") | AD99: =SUM(AB99:AC99) -> 0
G100: 클라우드컴퓨팅 서비스 활용비 | AD100: =SUM(AB100:AC100) -> 0
G101: 소프트웨어 활용비 | I101: =IFERROR(H101/L101,"") | M101: =IFERROR(L101/$L$111,"") | AD101: =SUM(AB101:AC101) -> 0
G102: 연구실운영비 | I102: =IFERROR(H102/L102,"") | M102: =IFERROR(L102/$L$111,"") | AD102: =SUM(AB102:AC102) -> 0
G103: 연구인력 지원비 | I103: =IFERROR(H103/L103,"") | M103: =IFERROR(L103/$L$111,"") | U103: 소 계 | AB103: =SUM(AB91:AB102) -> 0 | AC103: =SUM(AC91:AC102) -> 0 | AD103: =SUM(AD91:AD102) -> 0
G104: 그 밖의 비용 | I104: =IFERROR(H104/L104,"") | L104: =H104+J104 -> 0 | M104: =IFERROR(L104/$L$111,"") | U104: 외부인력 | AD104: =SUM(AB104:AC104) -> 0
F105: 연구수당 | I105: =IFERROR(H105/L105,"") | L105: =H105+J105 -> 0 | M105: =IFERROR(L105/$L$111,"") | N105: =IFERROR(H105/L93,0) -> 0 | O105: =IF(N105<0.2,"적절","부적절") -> 적절 | AD105: =SUM(AB105:AC105) -> 0
E106: 직접비 소계 | H106: =SUM(H93:H105) -> 0 | I106: =IFERROR(H106/L106,"") | J106: =SUM(J93:J105) -> 0 | K106: =IFERROR(J106/L106,"") | L106: =SUM(L93:L105) -> 0 | M106: =IFERROR(L106/$L$111,"") | AD106: =SUM(AB106:AC106) -> 0
E107: 간접비 | F107: 인력지원비 | I107: =IFERROR(H107/L107,"") | L107: =H107+J107 -> 0 | M107: =IFERROR(L107/$L$111,"") | AD107: =SUM(AB107:AC107) -> 0
...

Sheet 2차년도
H1: 노란색 입력 필요
B2: 2차년도 연구개발비 구성
M3: (단위:천원)
B4: 차수 | C4: 정부지원연구개발비(천원) | E4: 기관부담연구개발비(천원) | I4: 소 계 | M4: 합계
C5: 현금 | D5: 비율 | E5: 현금 | F5: 비율 | G5: 현물 | H5: 기관부담금 합계 | I5: 현금 | J5: 비율 | K5: 현물 | L5: 비율
B6: 1 | C6: ='총괄(사업자번호 입력)'!C12 -> 60000 | D6: =IFERROR(C6/M6*100,"") -> 75 | E6: =ROUNDUP(C6/3*0.1,0) -> 2000 | F6: =IFERROR(E6/(E6+G6)*100,"") -> 10 | G6: =C6/3*0.9 -> 18000 | H6: =E6+G6 -> 20000 | I6: =C6+E6 -> 62000 | J6: =IFERROR(I6/M6,"") -> 0.775 | K6: =G6 -> 18000 | L6: =IFERROR(K6/M6,"") -> 0.225 | M6: =I6+K6 -> 80000
F7: =IFERROR((E6+G6)/M6,"") -> 0.25 | G7: =IF(F6>=10,"적절","부적절") -> 적절 | H7: =IF(((E6+G6)/(C6+E6+G6))<0.2,"기관부담연구개발비 부족","적절") -> 적절
B12: 1. 연구개발비 분담내역(작성필요) | D12: *공동, 위탁은 있는 경우만 작성
J13: (단위:천원)
B14: 차수 | C14: 구분 | D14: 기관명 | E14: 정부지원연구개발비 | F14: 기관부담연구개발비 | I14: 총연구개발비 | J14: 검증결과 (적절, 부적절) | L14: ★3-1 인건비 작성여부★(엑셀 오른쪽에 있습니다.)
E15: 현금 | F15: 현금 | G15: 현물 | H15: 계
B16: 1 | C16: 주관연구개발기관 | D16: ='총괄(사업자번호 입력)'!F4 -> 젝사젠 주식회사 | E16: 60000 | F16: 2000 | G16: 18000 | H16: =SUM(F16:G16) -> 20000 | I16: =H16+E16 -> 80000 | J16: =IF(COUNTBLANK(D16)=1,"적절",IF(I16=L86,"적절","부적절")) -> 적절
B17: 1 | C17: 공동연구개발기관(1) | H17: =SUM(F17:G17) -> 0 | I17: =H17+E17 -> 0 | J17: =IF(COUNTBLANK(D17)=1,"적절",IF(I17=L111,"적절","부적절")) -> 적절
B18: 1 | C18: 공동연구개발기관(2) | H18: =SUM(F18:G18) -> 0 | I18: =H18+E18 -> 0 | J18: =IF(COUNTBLANK(D18)=1,"적절",IF(I18=L136,"적절","부적절")) -> 적절
B19: 1 | C19: 위탁연구개발기관(1) | H19: =SUM(F19:G19) -> 0 | I19: =H19+E19 -> 0 | J19: =IF(COUNTBLANK(D19)=1,"적절",IF(I19=L162,"적절","부적절")) -> 적절
B20: 1 | C20: 위탁연구개발기관(2) | H20: =SUM(F20:G20) -> 0 | I20: =H20+E20 -> 0 | J20: =IF(COUNTBLANK(D20)=1,"적절",IF(I20=L188,"적절","부적절")) -> 적절
B21: 합계 | E21: =SUM(E16:E19) -> 60000 | F21: =SUM(F16:F19) -> 2000 | G21: =SUM(G16:G19) -> 18000 | H21: =SUM(F21:G21) -> 20000 | I21: =SUM(I16:I19) -> 80000 | J21: =IF(I21=L54,"적절","부적절") -> 적절
E22: =IF(E21=C6,"적절","부적절") -> 적절 | F22: =IF(F21=E6,"적절","부적절") -> 적절 | G22: =IF(G21=G6,"적절","부적절") -> 적절
B24: 2. 연구개발비(총괄-자동반영), 직접 입력 금지
M25: (단위:천원)
B26: 차수 | C26: 구분 | D26: 과제번호 | E26: 구 분 | F26: 비목 | H26: 현금 | J26: 현물 | L26: 총계 | N26: 주요 검토결과 (적절, 부적절)
H27: 현금(천원) (A) | I27: 비율 (A/C) | J27: 현물(천원) (B) | K27: 비율 (B/C) | L27: 소계(천원) (C) | M27: 총연구개발비대비 비율
B28: 1 | C28: 총 연구개발비 | D28: ='총괄(사업자번호 입력)'!C4:D4 -> 0 | E28: 직접비 | F28: 인건비 | G28: 기존인력인건비 | H28: =H61+H90+H115 -> 0 | I28: =IFERROR(H28/L28,"") -> 0 | J28: =J61+J90+J115 -> 18000 | K28: =IFERROR(J28/L28,"") -> 1 | L28: =H28+J28 -> 18000 | M28: =IFERROR(L28/$L$54,"") -> 0.225
G29: 신규인력인건비 | H29: =H62+H91+H116 -> 50895 | I29: =IFERROR(H29/L29,"") -> 1 | J29: =J62+J91+J116 -> 0 | K29: =IFERROR(J29/L29,"") -> 0 | L29: =H29+J29 -> 50895 | M29: =IFERROR(L29/$L$54,"") -> 0.6361875
G30: 외부인건비 | H30: =H63+H92+H117 -> 0 | I30: =IFERROR(H30/L30,"") | J30: =J63+J92+J117 -> 0 | K30: =IFERROR(J30/L30,"") | L30: =H30+J30 -> 0 | M30: =IFERROR(L30/$L$54,"") -> 0
F31: 인건비 소계 | H31: =H28+H29+H30 -> 50895 | I31: =IFERROR(H31/L31,"") -> 0.73873285 | J31: =SUM(J28:J30) -> 18000 | K31: =IFERROR(J31/L31,"") -> 0.26126715 | L31: =H31+J31 -> 68895 | M31: =IFERROR(L31/$L$54,"") -> 0.8611875
F32: 연구시설·장비비 | H32: =H65+H94+H119 -> 0 | I32: =IFERROR(H32/L32,"") | J32: =J65+J94+J119 -> 0 | K32: =IFERROR(J32/L32,"") | L32: =H32+J32 -> 0 | M32: =IFERROR(L32/$L$54,"") -> 0
F33: 연구재료비 | H33: =H66+H95+H120 -> 0 | I33: =IFERROR(H33/L33,"") | J33: =J66+J95+J120 -> 0 | K33: =IFERROR(J33/L33,"") | L33: =H33+J33 -> 0 | M33: =IFERROR(L33/$L$54,"") -> 0
F34: 연구활동비 | G34: 지식재산 창출활동비 | H34: =H67+H96+H121 -> 0 | I34: =IFERROR(H34/L34,"") | L34: =H34+J34 -> 0 | M34: =IFERROR(L34/$L$54,"") -> 0
G35: 외부 전문기술 활용비 | H35: =H68+H97+H122 -> 900 | I35: =IFERROR(H35/L35,"") -> 1 | L35: =H35+J35 -> 900 | M35: =IFERROR(L35/$L$54,"") -> 0.01125 | N35: =IFERROR(L35/L49,"") -> 0.011292346 | O35: =IF(N35<0.4,"적절","부적절") -> 적절
G36: 회의비 | H36: =H69+H98+H123 -> 1000 | I36: =IFERROR(H36/L36,"") -> 1 | L36: =H36+J36 -> 1000 | M36: =IFERROR(L36/$L$54,"") -> 0.0125
G37: 출장비 | H37: =H70+H99+H124 -> 0 | I37: =IFERROR(H37/L37,"") | L37: =H37+J37 -> 0 | M37: =IFERROR(L37/$L$54,"") -> 0
G38: 클라우드컴퓨팅 서비스 활용비 | H38: =H71+H100+H125 -> 3000 | I38: =IFERROR(H38/L38,"") -> 1 | L38: =H38+J38 -> 3000 | M38: =IFERROR(L38/$L$54,"") -> 0.0375
G39: 소프트웨어 활용비 | H39: =H72+H101+H126 -> 0 | I39: =IFERROR(H39/L39,"") | L39: =H39+J39 -> 0 | M39: =IFERROR(L39/$L$54,"") -> 0
G40: 연구실운영비 | H40: =H73+H102+H127 -> 0 | I40: =IFERROR(H40/L40,"") | L40: =H40+J40 -> 0 | M40: =IFERROR(L40/$L$54,"") -> 0
G41: 연구인력 지원비 | H41: =H74+H103+H128 -> 0 | I41: =IFERROR(H41/L41,"") | L41: =H41+J41 -> 0 | M41: =IFERROR(L41/$L$54,"") -> 0
G42: 그 밖의 비용 | H42: =H76+H104+H129+H75 -> 1405 | I42: =IFERROR(H42/L42,"") -> 1 | L42: =H42+J42 -> 1405 | M42: =IFERROR(L42/$L$54,"") -> 0.0175625
F43: 연구활동비 소계 | H43: =SUM(H34:H42) -> 6305 | I43: =IFERROR(H43/L43,"") -> 1 | L43: =H43+J43 -> 6305 | M43: =IFERROR(L43/$L$54,"") -> 0.0788125
F44: 연구수당 | H44: =H78+H105+H130 -> 4500 | I44: =IFERROR(H44/L44,"") -> 1 | L44: =H44+J44 -> 4500 | M44: =IFERROR(L44/$L$54,"") -> 0.05625
F45: 위탁연구개발비 | G45: 직접비(인건비) | H45: =H144+H170 -> 0 | I45: =IFERROR(H45/L45,"") | L45: =H45+J45 -> 0 | M45: =IFERROR(L45/$L$54,"") -> 0
G46: 직접비(인건비 제외) | H46: =H157-H144+H183-H170 -> 0 | I46: =IFERROR(H46/L46,"") | L46: =H46+J46 -> 0 | M46: =IFERROR(L46/$L$54,"") -> 0
G47: 간접비 | H47: =H161+H187 -> 0 | I47: =IFERROR(H47/L47,"") | L47: =H47+J47 -> 0 | M47: =IFERROR(L47/$L$54,"") -> 0
F48: 위탁연구개발비 소계 | H48: =H45+H46+H47 -> 0 | I48: =IFERROR(H48/L48,"") | J48: =J45+J46+J47 -> 0 | K48: =IFERROR(J48/L48,"") | L48: =H48+J48 -> 0 | M48: =IFERROR(L48/$L$54,"") -> 0 | N48: =IFERROR(L48/(L49-L48),"") -> 0 | O48: =IF(N48<0.4,"적절","부적절") -> 적절
E49: 직접비 소계 | H49: =SUM(H31,H32,H33,H43,H44,H48) -> 61700 | I49: =IFERROR(H49/L49,"") -> 0.77415307 | J49: =J31+SUM(J32:J44)+J48 -> 18000 | K49: =IFERROR(J49/L49,"") -> 0.22584693 | L49: =H49+J49 -> 79700 | M49: =IFERROR(L49/$L$54,"") -> 0.99625
E50: 간접비 | F50: 인력지원비 | H50: =H80+H107+H132 -> 0 | I50: =IFERROR(H50/L50,"") | L50: =H50+J50 -> 0 | M50: =IFERROR(L50/$L$54,"") -> 0
F51: 연구지원비 | H51: =H81+H108+H133+H82 -> 300 | I51: =IFERROR(H51/L51,"") -> 1 | L51: =H51+J51 -> 300 | M51: =IFERROR(L51/$L$54,"") -> 0.00375
F52: 성과활용지원비 | H52: =H83+H109+H134+H84 -> 0 | I52: =IFERROR(H52/L52,"") | L52: =H52+J52 -> 0 | M52: =IFERROR(L52/$L$54,"") -> 0
E53: 간접비 소계 | H53: =SUM(H50:H52) -> 300 | I53: =IFERROR(H53/L53,"") -> 1 | L53: =SUM(L50:L52) -> 300 | M53: =IFERROR(L53/$L$54,"") -> 0.00375
D54: 합계 | H54: =H49+H53 -> 62000 | I54: =IFERROR(H54/L54,"") -> 0.775 | J54: =J49+J53 -> 18000 | K54: =IFERROR(J54/L54,"") -> 0.225 | L54: =L49+L53 -> 80000 | M54: =IFERROR(L54/$L$54,"") -> 1
B57: 3. 수행기관별 연구개발비(작성필요) | E57: 공동/위탁연구개발기관이 있는 경우 참여기업도 동일하게 작성요망(변경된 비목이 많으므로 주의하세요, 우측 인건비 상세내역 필수 작성) | R57: 3-1. 수행기관별 인건비(작성필요)
M58: (단위:천원) | AD58: (단위 : 천원)
B59: 차수 | C59: 구분 | D59: 기관명 | E59: 구 분 | F59: 비목 | H59: 현금 | J59: 현물 | L59: 총계 | N59: 주요 검토결과 (적절, 부적절) | R59: 구 분 | U59: 인력 구분 | V59: 성명 | W59: 직위 | X59: 연봉 | Y59: 현금계상률 | Z59: 현물계상률 | AA59: 미지급계상률 | AB59: 합 계
H60: 현금(천원) (A) | I60: 비율 (A/C) | J60: 현물(천원) (B) | K60: 비율 (B/C) | L60: 소계(천원) (C) | M60: 총연구개발비대비 비율 | X60: (참여기간 개월 수 기준 작성) | Y60: (%) | Z60: (%) | AA60: (%)
B61: 1 | C61: 주관연구 개발기관 | D61: =D16 -> 젝사젠 주식회사 | E61: 직접비 | F61: 인건비 | G61: 기존인력인건비 | I61: =IFERROR(H61/L61,"") -> 0 | J61: 18000 | K61: =IFERROR(J61/L61,"") -> 1 | L61: =H61+J61 -> 18000 | M61: =IFERROR(L61/$L$86,"") -> 0.225 | X61: (A) | Y61: (B) | Z61: (C) | AB61: 현금 | AC61: 현물 | AD61: 계
G62: 신규인력인건비 | H62: 50895 | I62: =IFERROR(H62/L62,"") -> 1 | K62: =IFERROR(J62/L62,"") -> 0 | L62: =H62+J62 -> 50895 | M62: =IFERROR(L62/$L$86,"") -> 0.6361875 | R62: 주관연구 개발기관 | S62: =D16 -> 젝사젠 주식회사 | T62: 인건비 | U62: 기존인력 | V62: 박문식 | W62: 대표 | X62: 72000 | Z62: 0.25 | AC62: =X62*Z62 -> 18000 | AD62: =SUM(AB62:AC62) -> 18000
G63: 외부인건비 | I63: =IFERROR(H63/L63,"") | K63: =IFERROR(J63/L63,"") | L63: =H63+J63 -> 0 | M63: =IFERROR(L63/$L$86,"") -> 0 | AD63: =SUM(AB63:AC63) -> 0
F64: 총 인건비 소계 | H64: =SUM(H61:H63) -> 50895 | I64: =IFERROR(H64/L64,"") -> 0.73873285 | J64: =SUM(J61:J63) -> 18000 | K64: =IFERROR(J64/L64,"") -> 0.26126715 | L64: =SUM(L61:L63) -> 68895 | M64: =IFERROR(L64/$L$86,"") -> 0.8611875 | AD64: =SUM(AB64:AC64) -> 0
F65: 연구시설·장비비 | I65: =IFERROR(H65/L65,"") | K65: =IFERROR(J65/L65,"") | L65: =H65+J65 -> 0 | M65: =IFERROR(L65/$L$86,"") -> 0 | AD65: =SUM(AB65:AC65) -> 0
F66: 연구재료비 | I66: =IFERROR(H66/L66,"") | K66: =IFERROR(J66/L66,"") | L66: =H66+J66 -> 0 | M66: =IFERROR(L66/$L$86,"") -> 0
F67: 연구활동비 | G67: 지식재산 창출활동비 | I67: =IFERROR(H67/L67,"") | L67: =H67+J67 -> 0 | M67: =IFERROR(L67/$L$86,"") -> 0 | AD67: =SUM(AB67:AC67) -> 0
G68: 외부 전문기술 활용비 | H68: 900 | I68: =IFERROR(H68/L68,"") -> 1 | L68: =H68+J68 -> 900 | M68: =IFERROR(L68/$L$86,"") -> 0.01125 | N68: =IFERROR(L68/L79,"") -> 0.011292346 | O68: =IF(N68<0.4,"적절","부적절") -> 적절 | U68: 신규인력 | V68: 장길석 | W68: 수석 | X68: 52500 | Y68: 0.4 | AB68: =X68*Y68 -> 21000 | AD68: =SUM(AB68:AC68) -> 21000
G69: 회의비 | H69: 1000 | I69: =IFERROR(H69/L69,"") -> 1 | L69: =H69+J69 -> 1000 | M69: =IFERROR(L69/$L$86,"") -> 0.0125 | V69: 김현기 | W69: 수석 | X69: 46666 | Y69: 0.4 | AB69: =X69*Y69 -> 18666.4 | AD69: =SUM(AB69:AC69) -> 18666.4
G70: 출장비 | I70: =IFERROR(H70/L70,"") | L70: =H70+J70 -> 0 | M70: =IFERROR(L70/$L$86,"") -> 0 | V70: 한태현 | W70: 선임 | X70: 32083 | Y70: 0.35 | AB70: =X70*Y70 -> 11229.05 | AD70: =SUM(AB70:AC70) -> 11229.05
G71: 클라우드컴퓨팅 서비스 활용비 | H71: 3000 | AD71: =SUM(AB71:AC71) -> 0
A72: ㅑ | G72: 소프트웨어 활용비 | I72: =IFERROR(H72/L72,"") | L72: =H72+J72 -> 0 | M72: =IFERROR(L72/$L$86,"") -> 0 | AD72: =SUM(AB72:AC72) -> 0
G73: 연구실운영비 | I73: =IFERROR(H73/L73,"") | L73: =H73+J73 -> 0 | M73: =IFERROR(L73/$L$86,"") -> 0 | U73: 소 계 | AB73: =SUM(AB62:AB72) -> 50895.45 | AC73: =SUM(AC62:AC72) -> 18000 | AD73: =SUM(AD62:AD72) -> 68895.45
G74: 연구인력 지원비 | I74: =IFERROR(H74/L74,"") | L74: =H74+J74 -> 0 | M74: =IFERROR(L74/$L$86,"") -> 0 | U74: 외부인력 | AD74: =SUM(AB74:AC74) -> 0
G75: 그 밖의 비용(위탁 정산 비용)(필수) | H75: 1077 | I75: =IFERROR(H75/L75,"") -> 1 | L75: =H75+J75 -> 1077 | M75: =IFERROR(L75/$L$86,"") -> 0.0134625 | AD75: =SUM(AB75:AC75) -> 0
G76: 그 밖의 비용 | H76: 328 | I76: =IFERROR(H76/L76,"") -> 1 | L76: =H76+J76 -> 328 | M76: =IFERROR(L76/$L$86,"") -> 0.0041 | AD76: =SUM(AB76:AC76) -> 0
F77: 연구활동비 소계 | H77: =SUM(H67:H76) -> 6305 | I77: =IFERROR(H77/L77,"") -> 1 | L77: =H77+J77 -> 6305 | M77: =IFERROR(L77/$L$86,"") -> 0.0788125 | AD77: =SUM(AB77:AC77) -> 0
F78: 연구수당 | H78: 4500 | I78: =IFERROR(H78/L78,"") -> 1 | L78: =H78+J78 -> 4500 | M78: =IFERROR(L78/$L$86,"") -> 0.05625 | N78: =IFERROR(H78/L64,"") -> 0.065316786 | O78: =IF(N78<=0.2,"적절","부적절") -> 적절 | AD78: =SUM(AB78:AC78) -> 0
E79: 직접비 소계 | H79: =SUM(H64,H65,H66,H77,H78) -> 61700 | I79: =IFERROR(H79/L79,"") -> 0.77415307 | J79: =SUM(J64:J78) -> 18000 | K79: =IFERROR(J79/L79,"") -> 0.22584693 | L79: =SUM(L64,L65,L66,L77,L78) -> 79700 | M79: =IFERROR(L79/$L$86,"") -> 0.99625 | U79: 소 계 | AB79: =SUM(AB74:AB78) -> 0 | AC79: =SUM(AC74:AC78) -> 0 | AD79: =SUM(AD74:AD78) -> 0
E80: 간접비 | F80: 인력지원비 | I80: =IFERROR(H80/L80,"") | L80: =H80+J80 -> 0 | M80: =IFERROR(L80/$L$86,"") -> 0 | R80: 합 계 | AB80: =AB73+AB79 -> 50895.45 | AC80: =AC73+AC79 -> 18000 | AD80: =AD73+AD79 -> 68895.45
F81: 연구지원비 | I81: =IFERROR(H81/L81,"") | L81: =H81+J81 -> 0 | M81: =IFERROR(L81/$L$86,"") -> 0
F82: 연구지원비(기술임치비)(필수) | H82: 300 | L82: =H82+J82 -> 300 | M82: =IFERROR(L82/$L$86,"") -> 0.00375
F83: 성과활용지원비 | I83: =IFERROR(H83/L83,"") | L83: =H83+J83 -> 0 | M83: =IFERROR(L83/$L$86,"") -> 0
F84: 성과활용지원비 | L84: =H84+J84 -> 0 | M84: =IFERROR(L84/$L$86,"") -> 0
E85: 간접비 소계 | H85: =SUM(H80:H84) -> 300 | I85: =IFERROR(H85/L85,"") -> 1 | L85: =SUM(L80:L84) -> 300 | M85: =IFERROR(L85/H79,"") -> 0.0048622366 | N85: =IFERROR(L85/H79,"") -> 0.0048622366 | O85: =IF(N85<0.1,"적절","부적절") -> 적절
D86: 합계 | H86: =H79+H85 -> 62000 | I86: =IFERROR(H86/L86,"") -> 0.775 | J86: =J79+J85 -> 18000 | K86: =IFERROR(J86/L86,"") -> 0.225 | L86: =L79+L85 -> 80000 | M86: =IFERROR(L86/$L$86,"") -> 1
M87: (단위:천원) | AD87: (단위 : 천원)
B88: 차수 | C88: 구분 | D88: 기관명 | E88: 구 분 | F88: 비목 | H88: 현금 | J88: 현물 | L88: 총계 | N88: 주요 검토결과 (적절, 부적절) | R88: 구 분 | U88: 인력 구분 | V88: 성명 | W88: 직위 | X88: 연봉 | Y88: 현금계상률 | Z88: 현물계상률 | AA88: 미지급계상률 | AB88: 합 계
H89: 현금(천원) (A) | I89: 비율 (A/C) | J89: 현물(천원) (B) | K89: 비율 (B/C) | L89: 소계(천원) (C) | M89: 총연구개발비대비 비율 | X89: (참여기간 개월 수 기준 작성) | Y89: (%) | Z89: (%) | AA89: (%)
B90: 1 | C90: 공동연구 개발기관1 | D90: =D17 -> 0 | E90: 직접비 | F90: 인건비 | G90: 기존인력인건비 | I90: =IFERROR(H90/L90,"") | K90: =IFERROR(J90/L90,"") | L90: =H90+J90 -> 0 | M90: =IFERROR(L90/$L$111,"") | X90: (A) | Y90: (B) | Z90: (C) | AB90: 현금 | AC90: 현물 | AD90: 계
G91: 신규인력인건비 | I91: =IFERROR(H91/L91,"") | K91: =IFERROR(J91/L91,"") | L91: =H91+J91 -> 0 | M91: =IFERROR(L91/$L$111,"") | R91: 공동연구 개발기관1 | S91: =D17 -> 0 | T91: 인건비 | U91: 기존인력 | AD91: =SUM(AB91:AC91) -> 0
G92: 외부인건비 | I92: =IFERROR(H92/L92,"") | K92: =IFERROR(J92/L92,"") | L92: =H92+J92 -> 0 | M92: =IFERROR(L92/$L$111,"") | AD92: =SUM(AB92:AC92) -> 0
F93: 인건비 소계 | H93: =SUM(H90:H92) -> 0 | I93: =IFERROR(H93/L93,"") | J93: =SUM(J90:J92) -> 0 | K93: =IFERROR(J93/L93,"") | L93: =SUM(L90:L92) -> 0 | M93: =IFERROR(L93/$L$111,"") | AD93: =SUM(AB93:AC93) -> 0
F94: 연구시설·장비비 | I94: =IFERROR(H94/L94,"") | K94: =IFERROR(J94/L94,"") | L94: =H94+J94 -> 0 | M94: =IFERROR(L94/$L$111,"") | AD94: =SUM(AB94:AC94) -> 0
F95: 연구재료비 | I95: =IFERROR(H95/L95,"") | K95: =IFERROR(J95/L95,"") | L95: =H95+J95 -> 0 | M95: =IFERROR(L95/$L$111,"") | AD95: =SUM(AB95:AC95) -> 0
F96: 연구활동비 | G96: 지식재산 창출활동비 | I96: =IFERROR(H96/L96,"") | L96: =H96+J96 -> 0 | M96: =IFERROR(L96/$L$111,"") | AD96: =SUM(AB96:AC96) -> 0
G97: 외부 전문기술 활용비 | I97: =IFERROR(H97/L97,"") | M97: =IFERROR(L97/$L$111,"") | N97: =IFERROR(L97/L106,0) -> 0 | O97: =IF(N97<0.4,"적절","부적절") -> 적절 | AD97: =SUM(AB97:AC97) -> 0
G98: 회의비 | I98: =IFERROR(H98/L98,"") | L98: =H98+J98 -> 0 | M98: =IFERROR(L98/$L$111,"") | U98: 신규인력 | AD98: =SUM(AB98:AC98) -> 0
G99: 출장비 | I99: =IFERROR(H99/L99,"") | L99: =H99+J99 -> 0 | M99: =IFERROR(L99/$L$111,"") | AD99: =SUM(AB99:AC99) -> 0
G100: 클라우드컴퓨팅 서비스 활용비 | AD100: =SUM(AB100:AC100) -> 0
G101: 소프트웨어 활용비 | I101: =IFERROR(H101/L101,"") | M101: =IFERROR(L101/$L$111,"") | AD101: =SUM(AB101:AC101) -> 0
G102: 연구실운영비 | I102: =IFERROR(H102/L102,"") | M102: =IFERROR(L102/$L$111,"") | AD102: =SUM(AB102:AC102) -> 0
G103: 연구인력 지원비 | I103: =IFERROR(H103/L103,"") | M103: =IFERROR(L103/$L$111,"") | U103: 소 계 | AB103: =SUM(AB91:AB102) -> 0 | AC103: =SUM(AC91:AC102) -> 0 | AD103: =SUM(AD91:AD102) -> 0
G104: 그 밖의 비용 | I104: =IFERROR(H104/L104,"") | L104: =H104+J104 -> 0 | M104: =IFERROR(L104/$L$111,"") | U104: 외부인력 | AD104: =SUM(AB104:AC104) -> 0
F105: 연구수당 | I105: =IFERROR(H105/L105,"") | L105: =H105+J105 -> 0 | M105: =IFERROR(L105/$L$111,"") | N105: =IFERROR(H105/L93,0) -> 0 | O105: =IF(N105<0.2,"적절","부적절") -> 적절 | AD105: =SUM(AB105:AC105) -> 0
E106: 직접비 소계 | H106: =SUM(H93:H105) -> 0 | I106: =IFERROR(H106/L106,"") | J106: =SUM(J93:J105) -> 0 | K106: =IFERROR(J106/L106,"") | L106: =SUM(L93:L105) -> 0 | M106: =IFERROR(L106/$L$111,"") | AD106: =SUM(AB106:AC106) -> 0
E107: 간접비 | F107: 인력지원비 | I107: =IFERROR(H107/L107,"") | L107: =H107+J107 -> 0 | M107: =IFERROR(L107/$L$111,"") | AD107: =SUM(AB107:AC107) -> 0
...

Sheet Sheet2
A1: 사업자등록번호 | B1: 과제번호 | C1: 주관연구개발기관명 | D1: 집체협약일정 | E1: 1차년도 | F1: 2차년도 | G1: 총합
A2: 6948703079 | B2: RS-2024-00467565 | C2: 주식회사 프로덕트테크 | D2: 2024-08-22(목) 10:00 | E2: 60000 | F2: 60000 | G2: 120000
A3: 6118701514 | B3: RS-2024-00467338 | C3: 주식회사 레이어와이즈 | D3: 2024-08-22(목) 10:00 | E3: 60000 | F3: 60000 | G3: 120000
A4: 8308101826 | B4: RS-2024-00467377 | C4: 머티리얼포레스트 | D4: 2024-08-22(목) 10:40 | E4: 60000 | F4: 60000 | G4: 120000
A5: 5608603105 | B5: RS-2024-00467957 | C5: 갈포드(주) | D5: 2024-08-22(목) 10:40 | E5: 60000 | F5: 60000 | G5: 120000
A6: 5788102719 | B6: RS-2024-00467955 | C6: 지케이(주) | D6: 2024-08-22(목) 11:20 | E6: 60000 | F6: 60000 | G6: 120000
A7: 5858602589 | B7: RS-2024-00467589 | C7: 주식회사 이지스네이처 | D7: 2024-08-22(목) 13:00 | E7: 60000 | F7: 60000 | G7: 120000
A8: 2058143826 | B8: RS-2024-00468533 | C8: 주식회사 더다봄 | D8: 2024-08-22(목) 13:00 | E8: 60000 | F8: 60000 | G8: 120000
A9: 6851202267 | B9: RS-2024-00468295 | C9: 다한엔지니어링 | D9: 2024-08-22(목) 13:40 | E9: 60000 | F9: 60000 | G9: 120000
A10: 7218101430 | B10: RS-2024-00467812 | C10: (주)준시스템 | D10: 2024-08-23(금) 10:00 | E10: 60000 | F10: 60000 | G10: 120000
A11: 1518601640 | B11: RS-2024-00468526 | C11: 에이지로보틱스 주식회사 | D11: 2024-08-23(금) 10:00 | E11: 60000 | F11: 60000 | G11: 120000
A12: 7158702867 | B12: RS-2024-00467963 | C12: 에코진웍스 주식회사 | D12: 2024-08-23(금) 10:40 | E12: 60000 | F12: 60000 | G12: 120000
A13: 5608702608 | B13: RS-2024-00468782 | C13: 시엑스 주식회사 | D13: 2024-08-23(금) 10:40 | E13: 60000 | F13: 60000 | G13: 120000
... A556: 4298701462 | B556: RS-2024-00468674 | C556: 주식회사씨포스 | D556: 2024-08-30(금) 13:00 | E556: 60000 | F556: 60000 | G556: 120000
