Workbook

Sheet 요구사항정의(1)
A1: 고성능 컴퓨팅을 활용한 병렬 프로그래밍 환경 구축 및 안정화 | C1: 로그 데이터 수집, 저장, 검색, 분석 기능 구현 | D1: 계산노드에서 수행되는 응용에서 발생하는 다양한 데이터를 수집, 저장, 검색, 분석할 수 있는 기능이 요구된다.
C2: 사용자별, 작업별 로그 데이터 관리 기능 제공 | D2: 사용자의 작업별 로그 데이터를 분류 및 관리하는 기능이 제공되어, 각 사용자와 작업의 성능과 문제점을 도출할 수 있고 개별적으로 분석 및 개선 가능해야 한다.
C3: 병렬 프로그램의 실행 상태, 성능 의 실시간 모니터링 기능 제공 | D3: 병렬 프로그램 실행중 발생하는 각 작업별 리소스를 작업 노드별로 모니터링 하는 기능이 요구된다. | F3: 병렬 프로그램의 실행 상태와 성능을 모니터링 가능 기능을 제공하여 ~~ , 병렬 프로그램의 실행 중 발생하는 리소스 모니터링
C4: 병렬 분산 처리를 위한 효율적인 라이브러리 구축 및 테스트 | D4: HPC 시스템의 병렬 분산 처리를 지원하는 라이브러리의 구축 및 테스트 검증이 요구 된다. | F4: HPC 시스템의 성능을 높이기 위한 병렬 분산 처리를 지원하는 라이브러리를 구축 및 테스트 한다.
C5: 분석 응용 프로그램의 에러 및 예외 처리 프로세스 구현 | D5: 병렬 처리 시스템에서 발생할 수 있는 에러 및 예외 상황에 대비한 시스템의 구축이 요구된다.
C6: HPC 시스템에 대한 사용자 인터페이스 및 API 제공 | D6: HPC 시스템을 활용할 수 있도록 사용자 인터페이스 및 API 가 요구된다.
C7: 시스템의 성능 모니터링 및 리포트 생성 기능 제공 | D7: HPC 시스템의 성능을 정기적으로 모니터링하고 성능 리포트를 하는 기능이 요구된다.
C8: 병렬 프로그래밍을 위한 개발 환경 구축 | D8: 병렬 프로그램밍을 위한 개발환경이 요구된다. | F8: 병렬 프로그램에 필요한 라이브러리 구축, 구축된 라이브러리를 컨테이너화 하는 것
C9: HPC 사용자 및 개발자를 위한 사용자 문서 제작 | D9: HPC 시스템 및 병렬 처리 라이브러리의 사용자 매뉴얼이 요구된다.
A10: 인실리코 분석응용 지원을 위한 데이터 분산 처리 시스템 구축 | C10: 분석 응용 프로그램 자원 동적 할당 시스템 구축 | D10: 분석 응용 작업 수행 시 리소스 메니지먼트 시스템이 요구된다.
C11: 분석 응용 단계별 산출물 관리 | D11: 모듈 실행 단계별 결과 산출물의 확인 기능이 요구된다.
C12: 성능 모니터링 및 최적화 도구 제공 | D12: 시스템의 성능을 확인할 수 있는 기능 제공 및 필요한 패키지 구축 및 지원이 요구된다.
C13: 바이오 빅데이터 처리 결과 전달을 위한 메시징 시스템 구축 | D13: HPC에서 발생하는 메시지를 확인할 수 있어야 한다.
C14: HPC 산출물 관리 프로세스 구축 | D14: HPC 에서 발생한 데이터의 오래된 데이터 삭제 및 이동, 백업, 백업 데이터 삭제를 할 수 있어야 한다.
C15: 바이오 빅데이터 처리 시스템 모니터링 및 알람 시스템 구현 | D15: 분석응용이 수행되는 HPC 시스템 리소스 모니터링(cpu, mem) 및 알람 기능이 요구된다.
C16: 분석응용 실행 결과 상태 리포팅기능 제공 | D16: 분석응용의 작업 실패 시 재 실행 여부를 사용자에게 보고 하는 기능이 요구된다.
C17: 분석응용 산출물 데이터 관리 기능 제공 | D17: 분석응용에서 만들어지는 데이터의 정보를 확인할 수 있는 기능이 요구된다.
C18: 분석응용 버전 정보 확인 기능 제공 | D18: 분석응용이 수행되는 버전정보를 확인할 수 있어야 한다.
C19: 인실리코 분석응용 버전 관리 및 업데이트 시스템 구축 | D19: 모듈 개발자가 작성한 응용의 버전관리 , HPC 시스템에 응용을 업데이트하는 기능이 요구된다.
A20: 고성능 컴퓨팅 시스템 분석을 통한 병렬 분산처리 라이브러리 구축 | C20: 병렬 분산처리 라이브러리 버전 리스트 문서 제공 | D20: 병렬 분산처리 라이브러리의 목록을 확인할 수 있어야 한다.
C21: 병렬 분산 라이브러리 접근권한 설정 기능 제공 | D21: 병렬분산처리 라이브러리의 접근권한 기능이 요구된다.
C22: 병렬 라이브러리에 대한 교육 및 문서 지원 | D22: 구축된 라이브러리에 대한 사용자 교육과 문서가 요구된다.
C23: 병렬 라이브러리 패키지 업데이트 및 유지보수 시스템 구축 | D23: 구축된 라이브러리의 안정화를 위해 패키지 업데이트 및 유지보수 프로세스가 요구된다.
C24: 분산처리 라이브러리에 대한 성능 벤치마킹 도구 제공 | D24: 분산처리 라이브러리의 성능을 측정하고 평가하는 벤치마킹 도구가 요구된다.
C25: 분산처리 라이브러리 사용자 인터뷰를 통한 요구사항 적용 | D25: 병렬 라이브러리 사용자의 요구사항을 적용하는 기능이 요구된다.
C26: 별령 분산처리 운영 환경_x0008_및 개발 환경 구축 | D26: 개발의 효율성을 위해 운영 및 개발 환경의 분리가 요구된다.
C27: 병렬 라이브러리 사용을 위한 샘플 코드 및 튜토리얼 제공 | D27: 사용자들이 라이브러리를 쉽게 사용할 수 있도록 비교 대상이 될 수 있는 샘플 코드와 튜토리얼 등의 레퍼런스가 요구된다.
C28: 지속적인 통합배포 프로세스 구축 | D28: 분석 응용 시스템의 지속적인 통합배포 프로세스가 요구된다.
C29: 병렬 컴퓨팅 하드웨어 자원 추가 프로세스 구축 | D29: 계산량의 증가로 인한 하드웨어 추가를 할 수 있는 기능이 요구된다.
C30: =counta(C1:C29) -> 29
A31: 매니코어 기반 고성능 컴퓨터 자원 인프라 병렬처리시스템 라이브러리 통합 환경 구축

Sheet UFR
A1: UFR-PD-001 | B1: ='요구사항정의(1)'!D1 -> 계산노드에서 수행되는 응용에서 발생하는 다양한 데이터를 수집, 저장, 검색, 분석할 수 있는 기능이 요구된다.
A2: UFR-PD-002 | B2: ='요구사항정의(1)'!D2 -> 사용자의 작업별 로그 데이터를 분류 및 관리하는 기능이 제공되어, 각 사용자와 작업의 성능과 문제점을 도출할 수 있고 개별적으로 분석 및 개선 가능해야 한다.
A3: UFR-PD-003 | B3: ='요구사항정의(1)'!D3 -> 병렬 프로그램 실행중 발생하는 각 작업별 리소스를 작업 노드별로 모니터링 하는 기능이 요구된다.
A4: UFR-PD-004 | B4: ='요구사항정의(1)'!D4 -> HPC 시스템의 병렬 분산 처리를 지원하는 라이브러리의 구축 및 테스트 검증이 요구 된다.
A5: UFR-PD-005 | B5: ='요구사항정의(1)'!D5 -> 병렬 처리 시스템에서 발생할 수 있는 에러 및 예외 상황에 대비한 시스템의 구축이 요구된다.
A6: UFR-PD-006 | B6: ='요구사항정의(1)'!D6 -> HPC 시스템을 활용할 수 있도록 사용자 인터페이스 및 API 가 요구된다.
A7: UFR-PD-007 | B7: ='요구사항정의(1)'!D7 -> HPC 시스템의 성능을 정기적으로 모니터링하고 성능 리포트를 하는 기능이 요구된다.
A8: UFR-PD-008 | B8: ='요구사항정의(1)'!D8 -> 병렬 프로그램밍을 위한 개발환경이 요구된다.
A9: UFR-PD-009 | B9: ='요구사항정의(1)'!D9 -> HPC 시스템 및 병렬 처리 라이브러리의 사용자 매뉴얼이 요구된다.
A10: UFR-PD-010 | B10: ='요구사항정의(1)'!D10 -> 분석 응용 작업 수행 시 리소스 메니지먼트 시스템이 요구된다.
A11: UFR-PD-011 | B11: ='요구사항정의(1)'!D11 -> 모듈 실행 단계별 결과 산출물의 확인 기능이 요구된다.
A12: UFR-PD-012 | B12: ='요구사항정의(1)'!D12 -> 시스템의 성능을 확인할 수 있는 기능 제공 및 필요한 패키지 구축 및 지원이 요구된다.
... A29: UFR-PD-029 | B29: ='요구사항정의(1)'!D29 -> 계산량의 증가로 인한 하드웨어 추가를 할 수 있는 기능이 요구된다.
A30: UFR-PD-030 | B30: =#REF! -> #REF!
B31: ='요구사항정의(1)'!D31
B32: ='요구사항정의(1)'!D31
B33: ='요구사항정의(1)'!D32
B34: ='요구사항정의(1)'!D31
B35: ='요구사항정의(1)'!D32
B36: ='요구사항정의(1)'!D33
B37: ='요구사항정의(1)'!D34
B38: ='요구사항정의(1)'!D35
B39: ='요구사항정의(1)'!D36
B40: ='요구사항정의(1)'!D37
B41: ='요구사항정의(1)'!D38
B42: ='요구사항정의(1)'!D39
B43: ='요구사항정의(1)'!D40
B44: ='요구사항정의(1)'!D41
B45: ='요구사항정의(1)'!D42
... B59: ='요구사항정의(1)'!D56

Sheet SFR
A1: UFR | C1: 요구사항 | D1: SFR | E1: 분류 | F1: 설명
A2: =UFR!A1 -> UFR-PD-001 | B2: =UFR!B1 -> 계산노드에서 수행되는 응용에서 발생하는 다양한 데이터를 수집, 저장, 검색, 분석할 수 있는 기능이 요구된다. | C2: 계산노드에서 스케줄러를 통해 수행되는 응용의 로그데이터를 수집하는 기능이 필요하다. | D2: SFR-PD-001 | E2: 응용 로그데이터 수집기 개발 | F2: 스케줄러를 통해 수행한 응용의 로그데이터를 수집 하는 소프트웨어
C3: 수집된 로그데이터를 분류할 수 있어야 한다. | D3: SFR-PD-002 | E3: 응용 로그데이터 분류기 개발 | F3: 스케쥴러를 통해 수행한 응용의 로그데이터를 분류할 수 있는 소프트웨어
C4: 웹 브라우저를 통해 로그 데이터를 확인할 수 있어야 한다. | D4: SFR-PD-003 | E4: 응용 로그데이터 시각화 개발 | F4: 상용자가 웹 브라우저로 접속하여 로그데이터를 볼 수 있는 소프트웨어
A5: =UFR!A2 -> UFR-PD-002 | B5: =UFR!B2 -> 사용자의 작업별 로그 데이터를 분류 및 관리하는 기능이 제공되어, 각 사용자와 작업의 성능과 문제점을 도출할 수 있고 개별적으로 분석 및 개선 가능해야 한다. | C5: 웹 브라우저를 통해 사용자가 로그데이터를 검색을 할 수 있어야 한다. | D5: SFR-PD-004 | E5: 응용 로그데이터 키값 정의 | F5: 사용자가 실행한 응용의 로그데이터를 구분하기 위한 고유의 값이 필요하다.
D6: SFR-PD-005
D7: SFR-PD-006
D8: SFR-PD-007
D9: SFR-PD-008
D10: SFR-PD-009
A11: =UFR!A6 -> UFR-PD-006 | B11: =UFR!B6 -> HPC 시스템을 활용할 수 있도록 사용자 인터페이스 및 API 가 요구된다. | C11: HPC 노드를 활용할수 있는 인터페이스 문서가 제공되어야 한다. | D11: SFR-PD-010 | E11: 인터페이스 및 API 정의 문서 제공 | F11: 기능별로 타입을 분류하여 각 채널에 메세지가 입력될 수 있게 하는 라이브러리가 요구된다. 채널을 이용할 컨슈머의 종류 정의가 요구된다. 어떤기능을 할 프로듀서의 종류 정의가 요구된다.
C12: _x0008_API 문서를 기반으로 스케줄러에 작업을 수행 시킬 수 있어야 한다. | D12: SFR-PD-011 | E12: 인터페이스 api 라이브러리 구현 | F12: 1. frontend 에서 요청할 수 있는 형태의 기능을 구현 ( 명세) 2. frontend 에서 Import 해서 사용할 수 있는 라이브러리 형태의 구현 (lib) 3. 요청을 해석해서 작업을 수행 시킬수 있는 기능을 구현 (jc) 4. PBS Hook 을 활용할 수 있는 기능을 구현
D13: SFR-PD-012 | E13: _x0008_
D14: SFR-PD-013
D15: SFR-PD-014
D16: SFR-PD-015
D17: SFR-PD-016
D18: SFR-PD-017
C25: HPC 응용의 수행상태를 조회할 수 있어야 한다. | D25: SFR-PD-001 | E25: 응용 상태를 조회할 수 있는 소프트웨어 구현 | F25: 1. Check point 1. 특정 시점을 snapshot 하는 기능 2. progress 1. 특정 응용이 어떤단계를 실행하고 있는지 파악하기 위함 3. 특정 시점의 시스템 상태정보 조회 1. 요청을 줬을때 해당 작업이 수행되는 하드웨어 리소스의 상태정보를 받아오기 위함
A48: =UFR!A11 -> UFR-PD-011 | B48: =UFR!B11 -> 모듈 실행 단계별 결과 산출물의 확인 기능이 요구된다. | C48: 각 작업별 워크스페이스 역할을 할 공간이 있어야 한다. | D48: SFR-PD-015
C49: 각 단계의 결과 캐시는 레디스에 저장된다. | D49: SFR-PD-016
C50: 각 작업은 수행되기 전 레디스에 해당 작업의 수행정보가 있는지 검색 후 수행되도록 한다. | D50: SFR-PD-017
D51: SFR-PD-018
C52: _x0008_CICD 에서 빌드 된 결과물을 확인할 수 있는 테스트 케이스가 있어야 한다. | D52: SFR-PD-019
C53: _x0008_CICD 에서 빌드 된 결과물을 확인할 수 있는 테스트 케이스가 있어야 한다.
C54: CICD 에서 빌드된 이미지가 HPC 시스템에 존재해야한다.
C55: CICD 를 통한 테스트케이스를 통과한 이미지는
C56: CICD 에서 빌드한 결과물을 시험할 수 있는 테스트케이스가 제공되어야 한다.
C57: CICD 에서 분석 응용을 빌드할 수 있어야 한다.
C58: CICD 에서 분석 응용을 배포할 수 있어야 한다.
C60: 형상 관리되는 소스를 바탕으로 CI / CD 기능의 연동이 가능해야 한다.
C61: 형상관리 리비전 확인 후 자동 유닛 테스트 수행을 지원해야 한다.
C62: 빌드 자동화 및 통합 개발환경을 지원해야 한다.
C63: AutoMSA와 같은 서비스의 이식성을 고려한 워크 플로우가 설계 및 구축되어야 한다.
C64: 사용자가 Samba와 같은 서비스로 산출물을 가져올 수 있어야 한다.
C65: 테스트 환경 및 배포 시스템이 구축되어야 한다.
... C74: 빌드 및 테스트가 수행되는 인프라가 구축되어야 한다.
