Workbook

Sheet 요구사항정의(1)
A1: 고성능 컴퓨팅을 활용한 병렬 프로그래밍 환경 구축 및 안정화 | C1: 로그 데이터 수집, 저장, 검색, 분석 기능 구현 | D1: 계산노드에서 수행되는 응용에서 발생하는 다양한 데이터를 수집, 저장, 검색, 분석할 수 있는 기능이 요구된다.
C2: 사용자별, 작업별 로그 데이터 관리 기능 제공 | D2: 사용자의 작업별 로그 데이터를 분류 및 관리하는 기능이 제공되어, 각 사용자와 작업의 성능과 문제점을 도출할 수 있고 개별적으로 분석 및 개선 가능해야 한다. | E2: 사용자별 응용의
C3: 병렬 프로그램의 실행 상태, 성능 의 실시간 모니터링 기능 제공 | D3: 병렬 프로그램 실행중 발생하는 각 작업별 리소스를 작업 노드별로 모니터링 하는 기능이 요구된다. | E3: 분석응용이 실행되고 있는 노드를 모아서 보여주는 기능, 필터링해서 보여주는 기능 | F3: 병렬 프로그램의 실행 상태와 성능을 모니터링 가능 기능을 제공하여 ~~ , 병렬 프로그램의 실행 중 발생하는 리소스 모니터링
C4: 병렬 분산 처리를 위한 효율적인 라이브러리 구축 및 테스트 | D4: HPC 시스템의 병렬 분산 처리를 지원하는 라이브러리의 구축 및 테스트 검증이 요구 된다. | E4: mpi 라이브러리 구축 및 셈플 프로그램 테스트 | F4: HPC 시스템의 성능을 높이기 위한 병렬 분산 처리를 지원하는 라이브러리를 구축 및 테스트 한다.
C5: 분석 응용 프로그램의 에러 및 예외 처리 프로세스 구현 | D5: 병렬 처리 시스템에서 발생할 수 있는 에러 및 예외 상황에 대비한 시스템의 구축이 요구된다. | E5: 분석응용의 상태를 개발자가 알수 있도록 하는 기능
C6: HPC 시스템에 대한 사용자 인터페이스 및 API 제공 | D6: HPC 시스템을 활용할 수 있도록 사용자 인터페이스 및 API 가 요구된다. | E6: _x0008_front 엔지니어와 시스템간 필요한 API 정의 및 구현
C7: 시스템의 성능 모니터링 및 리포트 생성 기능 제공 | D7: HPC 시스템의 성능을 정기적으로 모니터링하고 성능 리포트를 하는 기능이 요구된다. | E7: HPC 의 정기점검 리포트
C8: 병렬 프로그래밍을 위한 개발 환경 구축 | D8: 병렬 프로그램밍을 위한 개발환경이 요구된다. | E8: 모듈 개발시 필요한 라이브러리를 설치하거나 컨테이너 환경을 만드는 업무 | F8: 병렬 프로그램에 필요한 라이브러리 구축, 구축된 라이브러리를 컨테이너화 하는 것
C9: HPC 사용자 및 개발자를 위한 사용자 문서 제작 | D9: HPC 시스템 및 병렬 처리 라이브러리의 사용자 매뉴얼이 요구된다. | E9: 구축 된 라이브러리를 사용할 수 있도록 지원( 문서)
A10: 인실리코 분석응용 지원을 위한 데이터 분산 처리 시스템 구축 | C10: 분석 응용 프로그램 자원 동적 할당 시스템 구축 | D10: 분석 응용 작업 수행 시 리소스 메니지먼트 시스템이 요구된다.
C11: 분석 응용 단계별 산출물 관리 | D11: 모듈 실행 단계별 결과 산출물의 확인 기능이 요구된다.
C12: 성능 모니터링 및 최적화 도구 제공 | D12: 시스템의 성능을 확인할 수 있는 기능 제공 및 필요한 패키지 구축 및 지원이 요구된다.
C13: 바이오 빅데이터 처리 결과 전달을 위한 메시징 시스템 구축 | D13: HPC에서 발생하는 메시지를 확인할 수 있어야 한다.
C14: HPC 산출물 관리 프로세스 구축 | D14: HPC 에서 발생한 데이터의 오래된 데이터 삭제 및 이동, 백업, 백업 데이터 삭제를 할 수 있어야 한다.
C15: 바이오 빅데이터 처리 시스템 모니터링 및 알람 시스템 구현 | D15: 분석응용이 수행되는 HPC 시스템 리소스 모니터링(cpu, mem) 및 알람 기능이 요구된다.
C16: 분석응용 실행 결과 상태 리포팅기능 제공 | D16: 분석응용의 작업 실패 시 재 실행 여부를 사용자에게 보고 하는 기능이 요구된다.
C17: 분석응용 산출물 데이터 관리 기능 제공 | D17: 분석응용에서 만들어지는 데이터의 정보를 확인할 수 있는 기능이 요구된다.
C18: 분석응용 버전 정보 확인 기능 제공 | D18: 분석응용이 수행되는 버전정보를 확인할 수 있어야 한다.
C19: 인실리코 분석응용 버전 관리 및 업데이트 시스템 구축 | D19: 모듈 개발자가 작성한 응용의 버전관리 , HPC 시스템에 응용을 업데이트하는 기능이 요구된다.
A20: 고성능 컴퓨팅 시스템 분석을 통한 병렬 분산처리 라이브러리 구축 | C20: 병렬 분산처리 라이브러리 버전 리스트 문서 제공 | D20: 병렬 분산처리 라이브러리의 목록을 확인할 수 있어야 한다.
C21: 병렬 분산 라이브러리 접근권한 설정 기능 제공 | D21: 병렬분산처리 라이브러리의 접근권한 기능이 요구된다.
C22: 병렬 라이브러리에 대한 교육 및 문서 지원 | D22: 구축된 라이브러리에 대한 사용자 교육과 문서가 요구된다.
C23: 병렬 라이브러리 패키지 업데이트 및 유지보수 시스템 구축 | D23: 구축된 라이브러리의 안정화를 위해 패키지 업데이트 및 유지보수 프로세스가 요구된다.
C24: 분산처리 라이브러리에 대한 성능 벤치마킹 도구 제공 | D24: 분산처리 라이브러리의 성능을 측정하고 평가하는 벤치마킹 도구가 요구된다.
C25: 분산처리 라이브러리 사용자 인터뷰를 통한 요구사항 적용 | D25: 병렬 라이브러리 사용자의 요구사항을 적용하는 기능이 요구된다.
C26: 별령 분산처리 운영 환경_x0008_및 개발 환경 구축 | D26: 개발의 효율성을 위해 운영 및 개발 환경의 분리가 요구된다. | E26: LINPACK
C27: 병렬 라이브러리 사용을 위한 샘플 코드 및 튜토리얼 제공 | D27: 사용자들이 라이브러리를 쉽게 사용할 수 있도록 비교 대상이 될 수 있는 샘플 코드와 튜토리얼 등의 레퍼런스가 요구된다.
C28: 지속적인 통합배포 프로세스 구축 | D28: 분석 응용 시스템의 지속적인 통합배포 프로세스가 요구된다.
C29: 병렬 컴퓨팅 하드웨어 자원 추가 프로세스 구축 | D29: 계산량의 증가로 인한 하드웨어 추가를 할 수 있는 기능이 요구된다. | E29: 컨테이너와 함께 제공되는 레퍼런스 코드
C30: =counta(C1:C29) -> 29
A31: 매니코어 기반 고성능 컴퓨터 자원 인프라 병렬처리시스템 라이브러리 통합 환경 구축

Sheet 고성능 컴퓨팅(HPC) 및 병렬 프로그래밍 환경 구축 및
A1: 로그 데이터 수집, 저장, 검색, 분석 기능 구현 | B1: ='요구사항정의(1)'!D1 -> 계산노드에서 수행되는 응용에서 발생하는 다양한 데이터를 수집, 저장, 검색, 분석할 수 있는 기능이 요구된다.
B2: HPC 시스템애서 발생하는 로그 데이터를 수집 할 수 있어야 한다. | C2: 수집기는 HPC 로그 데이터를 수집 할 수 있어야 하며 수집된 데이터에 tag 를 붙힐수 있어야 한다.
B3: HPC 시스템에서 발생하는 로그 데이터를 저장, 분류 할수 있어야 한다. | D3: tag 의 key 는 스케줄러의 정보로 구성되어야 한다.
B4: HPC 시스템에서 발생하는 로그 데이터를 사용자가 분석할 수 있는 도구를 제공 하여야 한다. | C4: 웹 브라우저를 이용하여 사용자가 로그데이터를 확인 할 수 있어야 한다.
A5: 사용자별, 작업별 로그 데이터 관리 기능 | B5: ='요구사항정의(1)'!D2 -> 사용자의 작업별 로그 데이터를 분류 및 관리하는 기능이 제공되어, 각 사용자와 작업의 성능과 문제점을 도출할 수 있고 개별적으로 분석 및 개선 가능해야 한다.
B6: 작업별, 사용자별 로그데이터가 기록될 서비스가 제공 되어야 한다. | C6: 사용자가 실행한 작업의 로그를 구분하기 위한 고유한 키값이 필요하다
B7: 작업별, 사용자별로 로그데이터의 분류가 되어야 한다. | C7: 웹 브라우저를 통해 사용자가 데이터를 필터링 할 수있어야 한다
B8: _x0008_분류된 로그데이터의 특정 데이터를 검색 할 수 있어야 한다.
A9: 병렬 프로그램의 실행 상태, 성능 등을 실시간으로 모니터링 할 수 있는 기능 | B9: ='요구사항정의(1)'!D3 -> 병렬 프로그램 실행중 발생하는 각 작업별 리소스를 작업 노드별로 모니터링 하는 기능이 요구된다.
B10: 프로그램의 실행 상태를 확인할 수 있어야 한다. | C10: 병렬 프로그램이 실행중인 각 노드별 리소스 모니터링 기능이 요구된다
B11: 프로그램의 실행 상태를 모니터링 할 수 있어야 한다.
B12: 프로그램의 실행 결과를 확인 할 수 있어야 한다.
A13: 병렬 분산 처리를 위한 효율적인 라이브러리 구축 및 테스트 | B13: ='요구사항정의(1)'!D4 -> HPC 시스템의 병렬 분산 처리를 지원하는 라이브러리의 구축 및 테스트 검증이 요구 된다.
B14: 병렬 분산 처리를 위한 라이브러리 환경을 구축 한다.
B15: 병렬 분산 처리를 위한 라이브러리를 이용한 개발환경을 제공 하여야 한다.
B16: 병렬 분산 처리를 위한 라이브러리가 포함된 실행환경을 각 소프트웨어별로 제공 하여야 한다.
A17: 안정적인 서비스를 위한 에러 및 예외 처리 시스템 구현 | B17: ='요구사항정의(1)'!D5 -> 병렬 처리 시스템에서 발생할 수 있는 에러 및 예외 상황에 대비한 시스템의 구축이 요구된다.
B18: 병렬 처리 도중 발생하는 에러 및 예외상황을 파악 할 수 있는 로그 시스템을 제공하여야 한다.
B19: 병렬 처리 도중 발생하는 예외상황을 인지 할 수 있는 경보 시스템을 구축 하여야 한다.
B20: 병렬 처리 도중 발생한 예외 발생시 사용자에게 통보 될 수 있는 시스템이 제공되어야 한다.
A21: HPC 시스템에 대한 사용자 인터페이스 및 API 제공 | B21: ='요구사항정의(1)'!D6 -> HPC 시스템을 활용할 수 있도록 사용자 인터페이스 및 API 가 요구된다.
B22: 사용자 친화적인 HPC 시스템 인터페이스 및 API 설계 및 제공
B23: HPC 시스템의 접근성 향상을 위한 사용자 인터페이스 및 API 제공
B24: 사용자 대상 HPC 시스템 인터페이스 및 API 개발 및 배포
A25: 시스템의 성능 모니터링 및 리포트 생성 기능 | B25: ='요구사항정의(1)'!D15 -> 분석응용이 수행되는 HPC 시스템 리소스 모니터링(cpu, mem) 및 알람 기능이 요구된다.
B26: HPC 시스템의 성능을 모니터링 하여 저장 하는 시스템을 구축 하여야 한다.
B27: HPC 시스템 성능을 수집하여 리포트를 작성 할 수 있는 시스템이 구축 되어야 한다.
B28: HPC 시스템 성능 리포트가 매 월 정기적으로 작성되게 하는 자동화 시스템이 구축 되어야 한다.
A29: ='요구사항정의(1)'!C8 -> 병렬 프로그래밍을 위한 개발 환경 구축 | B29: ='요구사항정의(1)'!D8 -> 병렬 프로그램밍을 위한 개발환경이 요구된다.
B30: 병렬로 수행되는 프로그램의 수행 로그가 수집 되는 환경을 구축 하여야 한다.
B31: 병렬 프로그램 별 로그를 분류 할 수 있는 시스템이 구축되어야 한다.
B32: 병렬 프로그램 별 로그를 가시화 하여 분석 할 수 있는 시스템이 제공되어야 한다.
A33: HPC 사용자 및 개발자를 위한 문서(시스템) 지원 | B33: ='요구사항정의(1)'!D9 -> HPC 시스템 및 병렬 처리 라이브러리의 사용자 매뉴얼이 요구된다.
B34: HPC 환경을 이용할 수 있도록 지원하는 매뉴얼 문서를 정리할 환경이 제공되어야 한다.
B35: HPC 환경을 이용하여 개발 할 수 있게 하는 개발자용 매뉴얼 문서들이 제공되어야 한다.
B36: HPC 환경을 올바르게 사용 할 수 있게 하는 사용자용 매뉴얼 문서들이 제공되어야 한다.
A37: 시스템 확장성 및 고가용성을 고려한 인프라 설계 지원 | B37: ='요구사항정의(1)'!D29 -> 계산량의 증가로 인한 하드웨어 추가를 할 수 있는 기능이 요구된다.
B38: 관리 운영 서버의 분리
B39: 스케일 아웃 할수 있는 파일시스템
B40: 추가되는 고성능 컴퓨팅 인프라 자원의 스케일 아웃할 수 있도록 설계 지원

Sheet 인실리코 분석응용 지원을 위한 데이터 분산 처리 시스템 
A1: 대규모 데이터를 효율적으로 처리할 수 있는 분산처리 시스템 구현 | B1: =#REF! -> #REF!
B2: 대용량 데이터 효과적 처리를 위한 분산처리 시스템 구축
B3: 분산처리 시스템을 이용한 대규모 데이터의 효율적 처리 구현
B4: 대규모 데이터 처리를 위한 고성능 분산처리 시스템 설계 및 구현
A5: 인실리코 분석응용의 필요한 자원별 시스템 자원 동적 할당 관리 시스템 | B5: ='요구사항정의(1)'!D10 -> 분석 응용 작업 수행 시 리소스 메니지먼트 시스템이 요구된다.
B6: 인실리코 분석응용에 필요한 자원을 동적으로 할당하는 시스템 구축
B7: 시스템 자원의 동적 할당 관리를 통한 인실리코 분석응용 지원
B8: 자원별 동적 할당을 위한 시스템 자원 관리 시스템 개발
A9: 사용자 친화적인 인터페이스 및 API 제공 | B9: ='요구사항정의(1)'!D11 -> 모듈 실행 단계별 결과 산출물의 확인 기능이 요구된다.
B10: 사용자 중심 인터페이스와 API 제공
B11: 사용자 친화적인 UI/UX와 API 설계 및 제공
B12: 사용자 친화적인 인터페이스 및 편리한 API 개발 및 배포
A13: 성능 모니터링 및 최적화 도구 제공 | B13: ='요구사항정의(1)'!D12 -> 시스템의 성능을 확인할 수 있는 기능 제공 및 필요한 패키지 구축 및 지원이 요구된다.
B14: 시스템 성능 모니터링 및 최적화를 위한 도구 제공
B15: 성능 모니터링과 최적화 도구의 개발 및 배포
B16: 성능 추적 및 최적화 도구의 설계 및 제공
A17: 데이터 처리 결과의 신속한 전달을 위한 메시징 시스템 구축 | B17: ='요구사항정의(1)'!D13 -> HPC에서 발생하는 메시지를 확인할 수 있어야 한다.
B18: HPC 의 서비스 수행 중 발생한 메세지를 수용할 수 있는 시스템이 구축 되어야 한다.
B19: HPC 병렬 처리 작업의 수행중 발생한 메세지를 수용 할 수 있는 시스템이 구축 되어야 한다.
B20: _x0008_HPC 작업 수행중 발생하는 리소스 메세지를 수용할 수 있는 메세지 시스템이 구축 되어야 한다.
A21: 데이터 롤링 및 로테이션 기능 제공 | B21: ='요구사항정의(1)'!D14 -> HPC 에서 발생한 데이터의 오래된 데이터 삭제 및 이동, 백업, 백업 데이터 삭제를 할 수 있어야 한다.
A25: HPC 시스템의 안정성을 위한 모니터링 및 알림 시스템 구현 | B25: ='요구사항정의(1)'!D15 -> 분석응용이 수행되는 HPC 시스템 리소스 모니터링(cpu, mem) 및 알람 기능이 요구된다.
B26: 모니터링 시스템에 HPC 시스템의 안정적 동작을 위한 특이요소를 포함한 모니터링 시스템이 구축 되어야 한다.
B27: HPC 시스템 안정성을 위해 동작중 특이사항을 검출해 낼 수 있는 시스템이 구축되어야 한다.
B28: HPC 시스템 동작중 특이사항 발생 시 관리자에게 보고 할 수 있는 시스템이 구축되어야 한다.
A29: 실패한 작업에 대한 자동 재시도 및 오류 복구 기능 | B29: ='요구사항정의(1)'!D16 -> 분석응용의 작업 실패 시 재 실행 여부를 사용자에게 보고 하는 기능이 요구된다.
A33: 인실리코 소프트웨어 통합을 위한 확장 가능한 API 설계 | B33: ='요구사항정의(1)'!D17 -> 분석응용에서 만들어지는 데이터의 정보를 확인할 수 있는 기능이 요구된다.
A37: 데이터 처리의 효율성을 높이기 위한 최적화 전략 수립 | B37: ='요구사항정의(1)'!D18 -> 분석응용이 수행되는 버전정보를 확인할 수 있어야 한다.
A41: 인실리코 분석응용 버전 관리 및 업데이트 시스템 구축 | B41: ='요구사항정의(1)'!D19 -> 모듈 개발자가 작성한 응용의 버전관리 , HPC 시스템에 응용을 업데이트하는 기능이 요구된다.
B42: 모듈 개발자가 개발한 응용이 배포 될 시스템이 구축되어야 한다.
B43: 배포된 응용 소프트웨어의 버전관리가 가능해야 한다.
B44: HPC 시스템에 응용 소프트웨어의 업데이트 및 확인이 가능해야 한다.
A56: 병렬 데이터 처리 및 분석 시스템 | B56: 대용량 데이터를 효율적으로 처리, 병렬 처리 알고리즘을 활용할 수 있도록 지원, 다양한 데이터 분석 도구를 제공 및 구축,
A57: 사용자 인터페이스 및 환경 구축 | B57: _x0008_병렬 프로그램의 실행 상태, 결과 등을 알 수 있도록 지원
A58: 에러 및 예외 처리 시스템 지원 | B58: 병렬 프로그램의 특성에 맞춘 에러 및 예외 처리 모니터링? 기능
A59: 성능 모니터링 및 최적화 도구 지원, 구축, | B59: 성능을 확인하고 최적화 할 수있는 라이브러리 등을 구축
A60: 확장 가능한 시스템 아키텍처 | B60: 파일 시스템을 확장 할 수 있도록 지원? 하는 시스템 ..

Sheet 현 시스템 분석 및 전략 수립을 통한 병렬 분산처리 라이
A1: 현재 시스템의 성능, 자원 사용량, 문제점 등을 분석하는 기능 | B1: ='요구사항정의(1)'!D20 -> 병렬 분산처리 라이브러리의 목록을 확인할 수 있어야 한다.
A5: 병렬 분산처리 라이브러리 구축 전략 수립 | B5: ='요구사항정의(1)'!D21 -> 병렬분산처리 라이브러리의 접근권한 기능이 요구된다.
A9: 향후 시스템 확장을 위한 로드맵 제시 | B9: =#REF! -> #REF!
A13: 구축된 라이브러리에 대한 교육 및 문서화 작업 | B13: ='요구사항정의(1)'!D22 -> 구축된 라이브러리에 대한 사용자 교육과 문서가 요구된다.
A17: 구축된 라이브러리의 안정화를 위한 패키지 업데이트 및 유지보수 계획 수립 | B17: ='요구사항정의(1)'!D23 -> 구축된 라이브러리의 안정화를 위해 패키지 업데이트 및 유지보수 프로세스가 요구된다.
A21: 병렬 분산 라이브러리의 호환성 및 통합성 검사 기능 제공 | B21: =#REF! -> #REF!
A25: 분산처리 라이브러리에 대한 성능 벤치마킹 도구 제공 | B25: ='요구사항정의(1)'!D24 -> 분산처리 라이브러리의 성능을 측정하고 평가하는 벤치마킹 도구가 요구된다.
A29: 사용자 피드백을 통한 라이브러리 개선 절차 수립 | B29: ='요구사항정의(1)'!D25 -> 병렬 라이브러리 사용자의 요구사항을 적용하는 기능이 요구된다.
A33: 시스템 장애 대응 및 복구 프로세스 구현 | B33: ='요구사항정의(1)'!D26 -> 개발의 효율성을 위해 운영 및 개발 환경의 분리가 요구된다.
A37: 라이브러리 사용을 위한 샘플 코드 및 튜토리얼 제공 | B37: ='요구사항정의(1)'!D27 -> 사용자들이 라이브러리를 쉽게 사용할 수 있도록 비교 대상이 될 수 있는 샘플 코드와 튜토리얼 등의 레퍼런스가 요구된다.
A41: 운영과 개발 환경 분리 및 지속적인 통합(CI/CD) 프로세스 구축 | B41: ='요구사항정의(1)'!D28 -> 분석 응용 시스템의 지속적인 통합배포 프로세스가 요구된다.

Sheet UFR
A1: UFR-PD-001 | B1: ='요구사항정의(1)'!D1 -> 계산노드에서 수행되는 응용에서 발생하는 다양한 데이터를 수집, 저장, 검색, 분석할 수 있는 기능이 요구된다.
A2: UFR-PD-002 | B2: ='요구사항정의(1)'!D2 -> 사용자의 작업별 로그 데이터를 분류 및 관리하는 기능이 제공되어, 각 사용자와 작업의 성능과 문제점을 도출할 수 있고 개별적으로 분석 및 개선 가능해야 한다.
A3: UFR-PD-003 | B3: ='요구사항정의(1)'!D3 -> 병렬 프로그램 실행중 발생하는 각 작업별 리소스를 작업 노드별로 모니터링 하는 기능이 요구된다.
A4: UFR-PD-004 | B4: ='요구사항정의(1)'!D4 -> HPC 시스템의 병렬 분산 처리를 지원하는 라이브러리의 구축 및 테스트 검증이 요구 된다.
A5: UFR-PD-005 | B5: ='요구사항정의(1)'!D5 -> 병렬 처리 시스템에서 발생할 수 있는 에러 및 예외 상황에 대비한 시스템의 구축이 요구된다.
A6: UFR-PD-006 | B6: ='요구사항정의(1)'!D6 -> HPC 시스템을 활용할 수 있도록 사용자 인터페이스 및 API 가 요구된다.
A7: UFR-PD-007 | B7: ='요구사항정의(1)'!D7 -> HPC 시스템의 성능을 정기적으로 모니터링하고 성능 리포트를 하는 기능이 요구된다.
A8: UFR-PD-008 | B8: ='요구사항정의(1)'!D8 -> 병렬 프로그램밍을 위한 개발환경이 요구된다.
A9: UFR-PD-009 | B9: ='요구사항정의(1)'!D9 -> HPC 시스템 및 병렬 처리 라이브러리의 사용자 매뉴얼이 요구된다.
A10: UFR-PD-010 | B10: ='요구사항정의(1)'!D10 -> 분석 응용 작업 수행 시 리소스 메니지먼트 시스템이 요구된다.
A11: UFR-PD-011 | B11: ='요구사항정의(1)'!D11 -> 모듈 실행 단계별 결과 산출물의 확인 기능이 요구된다.
A12: UFR-PD-012 | B12: ='요구사항정의(1)'!D12 -> 시스템의 성능을 확인할 수 있는 기능 제공 및 필요한 패키지 구축 및 지원이 요구된다.
... A30: UFR-PD-030 | B30: ='요구사항정의(1)'!D30
B31: ='요구사항정의(1)'!D31
B32: ='요구사항정의(1)'!D31
B33: ='요구사항정의(1)'!D32
B34: ='요구사항정의(1)'!D31
B35: ='요구사항정의(1)'!D32
B36: ='요구사항정의(1)'!D33
B37: ='요구사항정의(1)'!D34
B38: ='요구사항정의(1)'!D35
B39: ='요구사항정의(1)'!D36
B40: ='요구사항정의(1)'!D37
B41: ='요구사항정의(1)'!D38
B42: ='요구사항정의(1)'!D39
B43: ='요구사항정의(1)'!D40
B44: ='요구사항정의(1)'!D41
B45: ='요구사항정의(1)'!D42
... B59: ='요구사항정의(1)'!D56
