Workbook

Sheet 서류준비(1세부)
B2: 번호 | C2: 내용 | D2: ETRI
B3: 1 | C3: 표지
C4: 요약문
C5: 최종 목표
C6: 전체내용
C7: 1. 연구개발과제의 필요성
C8: 1-1. 개요
C9: 1-2. 연구개발 대상의 국내외 현황
C10: 2. 연구개발과제의 목표 및 내용
C11: 2-1. 연구개발과제의 최종 목표
C12: 2-2. 연구개발과제의 단계별 목표
C13: 2-3. 연구개발과제의 연구 내용
C14: 2-4. 연구개발과제 수행일정 및 주요 결과물
C15: 3. 연구개발과제의 추진전략.방법 및 추진체계
... C58: 붙임3. 기술준비도 목표
B59: 2 | C59: 신청자격 적정성 및 자기진단서
B60: 3 | C60: 연구개발기관 대표 참여의사 확인서 및 기관 정보활용 동의서
B61: 4 | C61: 참여연구자 개인정보 및 과제정보 수집이용제공 동의서
B62: 5 | C62: 국가연구개발사업 동시수행과제수 준수 확인서
B63: 6 | C63: 주관연구개발기관 연구책임자 국가연구개발사업 과제 현황
B64: 7 | C64: 연구데이터 관리계획
B65: 8 | C65: 기술기여도 산정 근거
B66: 9 | C66: 연구개발기관의 연구개발비 사용 신청서
B67: 10 | C67: 우대사항 증빙서류
B68: 11 | C68: 사업자등록증
B69: 12 | C69: 국세지방세완납증명서/세금분납 계획서 (기업만)
B70: 13 | C70: 회계감사보고서/재무제표 (기업만)

Sheet 연구내용(1세부)
B2: 최종목표 :
B5: RFP 연구내용 | E5: 담당 기관/부서 | F5: 책임자 | G5: 연차별 연구내용
G6: 1년차 | H6: 2년차 | I6: 3년차
B7: [1단계]
B8: ①
C9: -
C10: -
C11: -
B12: ②
C13: -
C14: -
C15: -
B16: ③
C17: -
C18: -
C19: -
B20: [2단계]
B21: ④
C22: -
C23: -
C24: -
B25: ⑤
C26: -
C27: -
C28: -
B29: ⑥
C30: -
C31: -
C32: -

Sheet 성과지표(총괄)
B2: 통합
B3: 구분 | C3: 특허 | G3: 표준화 | M3: 기술이전 | N3: 상용화 (백만원) | O3: 기술료 (백만원) | P3: 성과홍보 | Q3: 시제품 | R3: S/W등록 | S3: 기술문서
C4: 국제 | E4: 국내 | G4: 국제 | J4: 국내
C5: 출원 | D5: 등록 | E5: 출원 | F5: 등록 | G5: 기고서제출 | H5: 기고서채택 | I5: 표준안채택 | J5: 기고서제출 | K5: 기고서채택 | L5: 표준안채택
B6: 1차년도 (2025년) | C6: ='성과지표(1세부)'!C6+'성과지표(2세부)'!C6+'성과지표(3세부)'!C6+'성과지표(4세부)'!C6 -> 0 | D6: ='성과지표(1세부)'!D6+'성과지표(2세부)'!D6+'성과지표(3세부)'!D6+'성과지표(4세부)'!D6 -> 0 | E6: ='성과지표(1세부)'!E6+'성과지표(2세부)'!E6+'성과지표(3세부)'!E6+'성과지표(4세부)'!E6 -> 0 | F6: ='성과지표(1세부)'!F6+'성과지표(2세부)'!F6+'성과지표(3세부)'!F6+'성과지표(4세부)'!F6 -> 0 | G6: ='성과지표(1세부)'!G6+'성과지표(2세부)'!G6+'성과지표(3세부)'!G6+'성과지표(4세부)'!G6 -> 0 | H6: ='성과지표(1세부)'!H6+'성과지표(2세부)'!H6+'성과지표(3세부)'!H6+'성과지표(4세부)'!H6 -> 0 | I6: ='성과지표(1세부)'!I6+'성과지표(2세부)'!I6+'성과지표(3세부)'!I6+'성과지표(4세부)'!I6 -> 0 | J6: ='성과지표(1세부)'!J6+'성과지표(2세부)'!J6+'성과지표(3세부)'!J6+'성과지표(4세부)'!J6 -> 0 | ... S6: ='성과지표(1세부)'!S6+'성과지표(2세부)'!S6+'성과지표(3세부)'!S6+'성과지표(4세부)'!S6 -> 0
B7: 2차년도 (2026년) | C7: ='성과지표(1세부)'!C7+'성과지표(2세부)'!C7+'성과지표(3세부)'!C7+'성과지표(4세부)'!C7 -> 0 | D7: ='성과지표(1세부)'!D7+'성과지표(2세부)'!D7+'성과지표(3세부)'!D7+'성과지표(4세부)'!D7 -> 0 | E7: ='성과지표(1세부)'!E7+'성과지표(2세부)'!E7+'성과지표(3세부)'!E7+'성과지표(4세부)'!E7 -> 0 | F7: ='성과지표(1세부)'!F7+'성과지표(2세부)'!F7+'성과지표(3세부)'!F7+'성과지표(4세부)'!F7 -> 0 | G7: ='성과지표(1세부)'!G7+'성과지표(2세부)'!G7+'성과지표(3세부)'!G7+'성과지표(4세부)'!G7 -> 0 | H7: ='성과지표(1세부)'!H7+'성과지표(2세부)'!H7+'성과지표(3세부)'!H7+'성과지표(4세부)'!H7 -> 0 | I7: ='성과지표(1세부)'!I7+'성과지표(2세부)'!I7+'성과지표(3세부)'!I7+'성과지표(4세부)'!I7 -> 0 | J7: ='성과지표(1세부)'!J7+'성과지표(2세부)'!J7+'성과지표(3세부)'!J7+'성과지표(4세부)'!J7 -> 0 | ... S7: ='성과지표(1세부)'!S7+'성과지표(2세부)'!S7+'성과지표(3세부)'!S7+'성과지표(4세부)'!S7 -> 0
B8: 3차년도 (2027년) | C8: ='성과지표(1세부)'!C8+'성과지표(2세부)'!C8+'성과지표(3세부)'!C8+'성과지표(4세부)'!C8 -> 0 | D8: ='성과지표(1세부)'!D8+'성과지표(2세부)'!D8+'성과지표(3세부)'!D8+'성과지표(4세부)'!D8 -> 0 | E8: ='성과지표(1세부)'!E8+'성과지표(2세부)'!E8+'성과지표(3세부)'!E8+'성과지표(4세부)'!E8 -> 0 | F8: ='성과지표(1세부)'!F8+'성과지표(2세부)'!F8+'성과지표(3세부)'!F8+'성과지표(4세부)'!F8 -> 0 | G8: ='성과지표(1세부)'!G8+'성과지표(2세부)'!G8+'성과지표(3세부)'!G8+'성과지표(4세부)'!G8 -> 0 | H8: ='성과지표(1세부)'!H8+'성과지표(2세부)'!H8+'성과지표(3세부)'!H8+'성과지표(4세부)'!H8 -> 0 | I8: ='성과지표(1세부)'!I8+'성과지표(2세부)'!I8+'성과지표(3세부)'!I8+'성과지표(4세부)'!I8 -> 0 | J8: ='성과지표(1세부)'!J8+'성과지표(2세부)'!J8+'성과지표(3세부)'!J8+'성과지표(4세부)'!J8 -> 0 | ... S8: ='성과지표(1세부)'!S8+'성과지표(2세부)'!S8+'성과지표(3세부)'!S8+'성과지표(4세부)'!S8 -> 0
B9: 4차년도 (2028년) | C9: ='성과지표(1세부)'!C9+'성과지표(2세부)'!C9+'성과지표(3세부)'!C9+'성과지표(4세부)'!C9 -> 0 | D9: ='성과지표(1세부)'!D9+'성과지표(2세부)'!D9+'성과지표(3세부)'!D9+'성과지표(4세부)'!D9 -> 0 | E9: ='성과지표(1세부)'!E9+'성과지표(2세부)'!E9+'성과지표(3세부)'!E9+'성과지표(4세부)'!E9 -> 0 | F9: ='성과지표(1세부)'!F9+'성과지표(2세부)'!F9+'성과지표(3세부)'!F9+'성과지표(4세부)'!F9 -> 0 | G9: ='성과지표(1세부)'!G9+'성과지표(2세부)'!G9+'성과지표(3세부)'!G9+'성과지표(4세부)'!G9 -> 0 | H9: ='성과지표(1세부)'!H9+'성과지표(2세부)'!H9+'성과지표(3세부)'!H9+'성과지표(4세부)'!H9 -> 0 | I9: ='성과지표(1세부)'!I9+'성과지표(2세부)'!I9+'성과지표(3세부)'!I9+'성과지표(4세부)'!I9 -> 0 | J9: ='성과지표(1세부)'!J9+'성과지표(2세부)'!J9+'성과지표(3세부)'!J9+'성과지표(4세부)'!J9 -> 0 | ... S9: ='성과지표(1세부)'!S9+'성과지표(2세부)'!S9+'성과지표(3세부)'!S9+'성과지표(4세부)'!S9 -> 0
B10: 5차년도 (2029년) | C10: ='성과지표(1세부)'!C10+'성과지표(2세부)'!C10+'성과지표(3세부)'!C10+'성과지표(4세부)'!C10 -> 0 | D10: ='성과지표(1세부)'!D10+'성과지표(2세부)'!D10+'성과지표(3세부)'!D10+'성과지표(4세부)'!D10 -> 0 | E10: ='성과지표(1세부)'!E10+'성과지표(2세부)'!E10+'성과지표(3세부)'!E10+'성과지표(4세부)'!E10 -> 0 | F10: ='성과지표(1세부)'!F10+'성과지표(2세부)'!F10+'성과지표(3세부)'!F10+'성과지표(4세부)'!F10 -> 0 | G10: ='성과지표(1세부)'!G10+'성과지표(2세부)'!G10+'성과지표(3세부)'!G10+'성과지표(4세부)'!G10 -> 0 | H10: ='성과지표(1세부)'!H10+'성과지표(2세부)'!H10+'성과지표(3세부)'!H10+'성과지표(4세부)'!H10 -> 0 | I10: ='성과지표(1세부)'!I10+'성과지표(2세부)'!I10+'성과지표(3세부)'!I10+'성과지표(4세부)'!I10 -> 0 | J10: ='성과지표(1세부)'!J10+'성과지표(2세부)'!J10+'성과지표(3세부)'!J10+'성과지표(4세부)'!J10 -> 0 | ... S10: ='성과지표(1세부)'!S10+'성과지표(2세부)'!S10+'성과지표(3세부)'!S10+'성과지표(4세부)'!S10 -> 0
B11: 합계 | C11: =SUM(C6:C10) -> 0 | D11: =SUM(D6:D10) -> 0 | E11: =SUM(E6:E10) -> 0 | F11: =SUM(F6:F10) -> 0 | G11: =SUM(G6:G10) -> 0 | H11: =SUM(H6:H10) -> 0 | I11: =SUM(I6:I10) -> 0 | J11: =SUM(J6:J10) -> 0 | ... S11: =SUM(S6:S10) -> 0

Sheet 성과지표(1세부)
B2: 통합
B3: 구분 | C3: 특허 | G3: 표준화 | M3: 기술이전 | N3: 상용화 (백만원) | O3: 기술료 (백만원) | P3: 성과홍보 | Q3: 시제품 | R3: S/W등록 | S3: 기술문서
C4: 국제 | E4: 국내 | G4: 국제 | J4: 국내
C5: 출원 | D5: 등록 | E5: 출원 | F5: 등록 | G5: 기고서제출 | H5: 기고서채택 | I5: 표준안채택 | J5: 기고서제출 | K5: 기고서채택 | L5: 표준안채택
B6: 1차년도 (2025년) | C6: =C28+C39+C50+C61+C72+C83+C94+C17 -> 0 | D6: =D28+D39+D50+D61+D72+D83+D94+D17 -> 0 | E6: =E28+E39+E50+E61+E72+E83+E94+E17 -> 0 | F6: =F28+F39+F50+F61+F72+F83+F94+F17 -> 0 | G6: =G28+G39+G50+G61+G72+G83+G94+G17 -> 0 | H6: =H28+H39+H50+H61+H72+H83+H94+H17 -> 0 | I6: =I28+I39+I50+I61+I72+I83+I94+I17 -> 0 | J6: =J28+J39+J50+J61+J72+J83+J94+J17 -> 0 | ... S6: =S28+S39+S50+S61+S72+S83+S94+S17 -> 0
B7: 2차년도 (2026년) | C7: =C29+C40+C51+C62+C73+C84+C95+C18 -> 0 | D7: =D29+D40+D51+D62+D73+D84+D95+D18 -> 0 | E7: =E29+E40+E51+E62+E73+E84+E95+E18 -> 0 | F7: =F29+F40+F51+F62+F73+F84+F95+F18 -> 0 | G7: =G29+G40+G51+G62+G73+G84+G95+G18 -> 0 | H7: =H29+H40+H51+H62+H73+H84+H95+H18 -> 0 | I7: =I29+I40+I51+I62+I73+I84+I95+I18 -> 0 | J7: =J29+J40+J51+J62+J73+J84+J95+J18 -> 0 | ... S7: =S29+S40+S51+S62+S73+S84+S95+S18 -> 0
B8: 3차년도 (2027년) | C8: =C30+C41+C52+C63+C74+C85+C96+C19 -> 0 | D8: =D30+D41+D52+D63+D74+D85+D96+D19 -> 0 | E8: =E30+E41+E52+E63+E74+E85+E96+E19 -> 0 | F8: =F30+F41+F52+F63+F74+F85+F96+F19 -> 0 | G8: =G30+G41+G52+G63+G74+G85+G96+G19 -> 0 | H8: =H30+H41+H52+H63+H74+H85+H96+H19 -> 0 | I8: =I30+I41+I52+I63+I74+I85+I96+I19 -> 0 | J8: =J30+J41+J52+J63+J74+J85+J96+J19 -> 0 | ... S8: =S30+S41+S52+S63+S74+S85+S96+S19 -> 0
B9: 4차년도 (2028년) | C9: =C31+C42+C53+C64+C75+C86+C97+C20 -> 0 | D9: =D31+D42+D53+D64+D75+D86+D97+D20 -> 0 | E9: =E31+E42+E53+E64+E75+E86+E97+E20 -> 0 | F9: =F31+F42+F53+F64+F75+F86+F97+F20 -> 0 | G9: =G31+G42+G53+G64+G75+G86+G97+G20 -> 0 | H9: =H31+H42+H53+H64+H75+H86+H97+H20 -> 0 | I9: =I31+I42+I53+I64+I75+I86+I97+I20 -> 0 | J9: =J31+J42+J53+J64+J75+J86+J97+J20 -> 0 | ... S9: =S31+S42+S53+S64+S75+S86+S97+S20 -> 0
B10: 5차년도 (2029년) | C10: =C32+C43+C54+C65+C76+C87+C98+C21 -> 0 | D10: =D32+D43+D54+D65+D76+D87+D98+D21 -> 0 | E10: =E32+E43+E54+E65+E76+E87+E98+E21 -> 0 | F10: =F32+F43+F54+F65+F76+F87+F98+F21 -> 0 | G10: =G32+G43+G54+G65+G76+G87+G98+G21 -> 0 | H10: =H32+H43+H54+H65+H76+H87+H98+H21 -> 0 | I10: =I32+I43+I54+I65+I76+I87+I98+I21 -> 0 | J10: =J32+J43+J54+J65+J76+J87+J98+J21 -> 0 | ... S10: =S32+S43+S54+S65+S76+S87+S98+S21 -> 0
B11: 합계 | C11: =C33+C44+C55+C66+C77+C88+C99+C22 -> 0 | D11: =D33+D44+D55+D66+D77+D88+D99+D22 -> 0 | E11: =E33+E44+E55+E66+E77+E88+E99+E22 -> 0 | F11: =F33+F44+F55+F66+F77+F88+F99+F22 -> 0 | G11: =G33+G44+G55+G66+G77+G88+G99+G22 -> 0 | H11: =H33+H44+H55+H66+H77+H88+H99+H22 -> 0 | I11: =I33+I44+I55+I66+I77+I88+I99+I22 -> 0 | J11: =J33+J44+J55+J66+J77+J88+J99+J22 -> 0 | ... S11: =S33+S44+S55+S66+S77+S88+S99+S22 -> 0
B13: 조정
B14: 구분 | C14: 특허 | G14: 표준화 | M14: 기술이전 | N14: 상용화 (백만원) | O14: 기술료 (백만원) | P14: 성과홍보 | Q14: 시제품 | R14: S/W등록 | S14: 기술문서
C15: 국제 | E15: 국내 | G15: 국제 | J15: 국내
C16: 출원 | D16: 등록 | E16: 출원 | F16: 등록 | G16: 기고서제출 | H16: 기고서채택 | I16: 표준안채택 | J16: 기고서제출 | K16: 기고서채택 | L16: 표준안채택
B17: 1차년도 (2025년)
B18: 2차년도 (2026년)
B19: 3차년도 (2027년)
B20: 4차년도 (2028년)
B21: 5차년도 (2029년)
B22: 합계 | C22: =SUM(C17:C21) -> 0 | D22: =SUM(D17:D21) -> 0 | E22: =SUM(E17:E21) -> 0 | F22: =SUM(F17:F21) -> 0 | G22: =SUM(G17:G21) -> 0 | H22: =SUM(H17:H21) -> 0 | I22: =SUM(I17:I21) -> 0 | J22: =SUM(J17:J21) -> 0 | ... S22: =SUM(S17:S21) -> 0
B24: 기관명
B25: 구분 | C25: 특허 | G25: 표준화 | M25: 기술이전 | N25: 상용화 (백만원) | O25: 기술료 (백만원) | P25: 성과홍보 | Q25: 시제품 | R25: S/W등록 | S25: 기술문서
C26: 국제 | E26: 국내 | G26: 국제 | J26: 국내
C27: 출원 | D27: 등록 | E27: 출원 | F27: 등록 | G27: 기고서제출 | H27: 기고서채택 | I27: 표준안채택 | J27: 기고서제출 | K27: 기고서채택 | L27: 표준안채택
B28: 1차년도 (2025년)
B29: 2차년도 (2026년)
B30: 3차년도 (2027년)
B31: 4차년도 (2028년)
B32: 5차년도 (2029년)
B33: 합계 | C33: =SUM(C28:C32) -> 0 | D33: =SUM(D28:D32) -> 0 | E33: =SUM(E28:E32) -> 0 | F33: =SUM(F28:F32) -> 0 | G33: =SUM(G28:G32) -> 0 | H33: =SUM(H28:H32) -> 0 | I33: =SUM(I28:I32) -> 0 | J33: =SUM(J28:J32) -> 0 | ... S33: =SUM(S28:S32) -> 0
B35: 기관명
B36: 구분 | C36: 특허 | G36: 표준화 | M36: 기술이전 | N36: 상용화 (백만원) | O36: 기술료 (백만원) | P36: 성과홍보 | Q36: 시제품 | R36: S/W등록 | S36: 기술문서
C37: 국제 | E37: 국내 | G37: 국제 | J37: 국내
C38: 출원 | D38: 등록 | E38: 출원 | F38: 등록 | G38: 기고서제출 | H38: 기고서채택 | I38: 표준안채택 | J38: 기고서제출 | K38: 기고서채택 | L38: 표준안채택
B39: 1차년도 (2025년)
B40: 2차년도 (2026년)
B41: 3차년도 (2027년)
B42: 4차년도 (2028년)
B43: 5차년도 (2029년)
B44: 합계 | C44: =SUM(C39:C43) -> 0 | D44: =SUM(D39:D43) -> 0 | E44: =SUM(E39:E43) -> 0 | F44: =SUM(F39:F43) -> 0 | G44: =SUM(G39:G43) -> 0 | H44: =SUM(H39:H43) -> 0 | I44: =SUM(I39:I43) -> 0 | J44: =SUM(J39:J43) -> 0 | ... S44: =SUM(S39:S43) -> 0
B46: 기관명
B47: 구분 | C47: 특허 | G47: 표준화 | M47: 기술이전 | N47: 상용화 (백만원) | O47: 기술료 (백만원) | P47: 성과홍보 | Q47: 시제품 | R47: S/W등록 | S47: 기술문서
C48: 국제 | E48: 국내 | G48: 국제 | J48: 국내
C49: 출원 | D49: 등록 | E49: 출원 | F49: 등록 | G49: 기고서제출 | H49: 기고서채택 | I49: 표준안채택 | J49: 기고서제출 | K49: 기고서채택 | L49: 표준안채택
B50: 1차년도 (2025년)
B51: 2차년도 (2026년)
B52: 3차년도 (2027년)
B53: 4차년도 (2028년)
B54: 5차년도 (2029년)
B55: 합계 | C55: =SUM(C50:C54) -> 0 | D55: =SUM(D50:D54) -> 0 | E55: =SUM(E50:E54) -> 0 | F55: =SUM(F50:F54) -> 0 | G55: =SUM(G50:G54) -> 0 | H55: =SUM(H50:H54) -> 0 | I55: =SUM(I50:I54) -> 0 | J55: =SUM(J50:J54) -> 0 | ... S55: =SUM(S50:S54) -> 0
B57: 기관명
B58: 구분 | C58: 특허 | G58: 표준화 | M58: 기술이전 | N58: 상용화 (백만원) | O58: 기술료 (백만원) | P58: 성과홍보 | Q58: 시제품 | R58: S/W등록 | S58: 기술문서
C59: 국제 | E59: 국내 | G59: 국제 | J59: 국내
C60: 출원 | D60: 등록 | E60: 출원 | F60: 등록 | G60: 기고서제출 | H60: 기고서채택 | I60: 표준안채택 | J60: 기고서제출 | K60: 기고서채택 | L60: 표준안채택
B61: 1차년도 (2025년)
B62: 2차년도 (2026년)
B63: 3차년도 (2027년)
B64: 4차년도 (2028년)
B65: 5차년도 (2029년)
B66: 합계 | C66: =SUM(C61:C65) -> 0 | D66: =SUM(D61:D65) -> 0 | E66: =SUM(E61:E65) -> 0 | F66: =SUM(F61:F65) -> 0 | G66: =SUM(G61:G65) -> 0 | H66: =SUM(H61:H65) -> 0 | I66: =SUM(I61:I65) -> 0 | J66: =SUM(J61:J65) -> 0 | ... S66: =SUM(S61:S65) -> 0
B68: 기관명
B69: 구분 | C69: 특허 | G69: 표준화 | M69: 기술이전 | N69: 상용화 (백만원) | O69: 기술료 (백만원) | P69: 성과홍보 | Q69: 시제품 | R69: S/W등록 | S69: 기술문서
C70: 국제 | E70: 국내 | G70: 국제 | J70: 국내
C71: 출원 | D71: 등록 | E71: 출원 | F71: 등록 | G71: 기고서제출 | H71: 기고서채택 | I71: 표준안채택 | J71: 기고서제출 | K71: 기고서채택 | L71: 표준안채택
B72: 1차년도 (2025년)
B73: 2차년도 (2026년)
B74: 3차년도 (2027년)
B75: 4차년도 (2028년)
B76: 5차년도 (2029년)
B77: 합계 | C77: =SUM(C72:C76) -> 0 | D77: =SUM(D72:D76) -> 0 | E77: =SUM(E72:E76) -> 0 | F77: =SUM(F72:F76) -> 0 | G77: =SUM(G72:G76) -> 0 | H77: =SUM(H72:H76) -> 0 | I77: =SUM(I72:I76) -> 0 | J77: =SUM(J72:J76) -> 0 | ... S77: =SUM(S72:S76) -> 0
B79: 기관명
B80: 구분 | C80: 특허 | G80: 표준화 | M80: 기술이전 | N80: 상용화 (백만원) | O80: 기술료 (백만원) | P80: 성과홍보 | Q80: 시제품 | R80: S/W등록 | S80: 기술문서
C81: 국제 | E81: 국내 | G81: 국제 | J81: 국내
C82: 출원 | D82: 등록 | E82: 출원 | F82: 등록 | G82: 기고서제출 | H82: 기고서채택 | I82: 표준안채택 | J82: 기고서제출 | K82: 기고서채택 | L82: 표준안채택
B83: 1차년도 (2025년)
B84: 2차년도 (2026년)
B85: 3차년도 (2027년)
B86: 4차년도 (2028년)
B87: 5차년도 (2029년)
B88: 합계 | C88: =SUM(C83:C87) -> 0 | D88: =SUM(D83:D87) -> 0 | E88: =SUM(E83:E87) -> 0 | F88: =SUM(F83:F87) -> 0 | G88: =SUM(G83:G87) -> 0 | H88: =SUM(H83:H87) -> 0 | I88: =SUM(I83:I87) -> 0 | J88: =SUM(J83:J87) -> 0 | ... S88: =SUM(S83:S87) -> 0
B90: 기관명
B91: 구분 | C91: 특허 | G91: 표준화 | M91: 기술이전 | N91: 상용화 (백만원) | O91: 기술료 (백만원) | P91: 성과홍보 | Q91: 시제품 | R91: S/W등록 | S91: 기술문서
C92: 국제 | E92: 국내 | G92: 국제 | J92: 국내
C93: 출원 | D93: 등록 | E93: 출원 | F93: 등록 | G93: 기고서제출 | H93: 기고서채택 | I93: 표준안채택 | J93: 기고서제출 | K93: 기고서채택 | L93: 표준안채택
B94: 1차년도 (2025년)
B95: 2차년도 (2026년)
B96: 3차년도 (2027년)
B97: 4차년도 (2028년)
B98: 5차년도 (2029년)
B99: 합계 | C99: =SUM(C94:C98) -> 0 | D99: =SUM(D94:D98) -> 0 | E99: =SUM(E94:E98) -> 0 | F99: =SUM(F94:F98) -> 0 | G99: =SUM(G94:G98) -> 0 | H99: =SUM(H94:H98) -> 0 | I99: =SUM(I94:I98) -> 0 | J99: =SUM(J94:J98) -> 0 | ... S99: =SUM(S94:S98) -> 0

Sheet 성과지표(2세부)
B2: 통합
B3: 구분 | C3: 특허 | G3: 표준화 | M3: 기술이전 | N3: 상용화 (백만원) | O3: 기술료 (백만원) | P3: 성과홍보 | Q3: 시제품 | R3: S/W등록 | S3: 기술문서
C4: 국제 | E4: 국내 | G4: 국제 | J4: 국내
C5: 출원 | D5: 등록 | E5: 출원 | F5: 등록 | G5: 기고서제출 | H5: 기고서채택 | I5: 표준안채택 | J5: 기고서제출 | K5: 기고서채택 | L5: 표준안채택
B6: 1차년도 (2025년) | C6: =C28+C39+C50+C61+C72+C83+C94+C17 -> 0 | D6: =D28+D39+D50+D61+D72+D83+D94+D17 -> 0 | E6: =E28+E39+E50+E61+E72+E83+E94+E17 -> 0 | F6: =F28+F39+F50+F61+F72+F83+F94+F17 -> 0 | G6: =G28+G39+G50+G61+G72+G83+G94+G17 -> 0 | H6: =H28+H39+H50+H61+H72+H83+H94+H17 -> 0 | I6: =I28+I39+I50+I61+I72+I83+I94+I17 -> 0 | J6: =J28+J39+J50+J61+J72+J83+J94+J17 -> 0 | ... S6: =S28+S39+S50+S61+S72+S83+S94+S17 -> 0
B7: 2차년도 (2026년) | C7: =C29+C40+C51+C62+C73+C84+C95+C18 -> 0 | D7: =D29+D40+D51+D62+D73+D84+D95+D18 -> 0 | E7: =E29+E40+E51+E62+E73+E84+E95+E18 -> 0 | F7: =F29+F40+F51+F62+F73+F84+F95+F18 -> 0 | G7: =G29+G40+G51+G62+G73+G84+G95+G18 -> 0 | H7: =H29+H40+H51+H62+H73+H84+H95+H18 -> 0 | I7: =I29+I40+I51+I62+I73+I84+I95+I18 -> 0 | J7: =J29+J40+J51+J62+J73+J84+J95+J18 -> 0 | ... S7: =S29+S40+S51+S62+S73+S84+S95+S18 -> 0
B8: 3차년도 (2027년) | C8: =C30+C41+C52+C63+C74+C85+C96+C19 -> 0 | D8: =D30+D41+D52+D63+D74+D85+D96+D19 -> 0 | E8: =E30+E41+E52+E63+E74+E85+E96+E19 -> 0 | F8: =F30+F41+F52+F63+F74+F85+F96+F19 -> 0 | G8: =G30+G41+G52+G63+G74+G85+G96+G19 -> 0 | H8: =H30+H41+H52+H63+H74+H85+H96+H19 -> 0 | I8: =I30+I41+I52+I63+I74+I85+I96+I19 -> 0 | J8: =J30+J41+J52+J63+J74+J85+J96+J19 -> 0 | ... S8: =S30+S41+S52+S63+S74+S85+S96+S19 -> 0
B9: 4차년도 (2028년) | C9: =C31+C42+C53+C64+C75+C86+C97+C20 -> 0 | D9: =D31+D42+D53+D64+D75+D86+D97+D20 -> 0 | E9: =E31+E42+E53+E64+E75+E86+E97+E20 -> 0 | F9: =F31+F42+F53+F64+F75+F86+F97+F20 -> 0 | G9: =G31+G42+G53+G64+G75+G86+G97+G20 -> 0 | H9: =H31+H42+H53+H64+H75+H86+H97+H20 -> 0 | I9: =I31+I42+I53+I64+I75+I86+I97+I20 -> 0 | J9: =J31+J42+J53+J64+J75+J86+J97+J20 -> 0 | ... S9: =S31+S42+S53+S64+S75+S86+S97+S20 -> 0
B10: 5차년도 (2029년) | C10: =C32+C43+C54+C65+C76+C87+C98+C21 -> 0 | D10: =D32+D43+D54+D65+D76+D87+D98+D21 -> 0 | E10: =E32+E43+E54+E65+E76+E87+E98+E21 -> 0 | F10: =F32+F43+F54+F65+F76+F87+F98+F21 -> 0 | G10: =G32+G43+G54+G65+G76+G87+G98+G21 -> 0 | H10: =H32+H43+H54+H65+H76+H87+H98+H21 -> 0 | I10: =I32+I43+I54+I65+I76+I87+I98+I21 -> 0 | J10: =J32+J43+J54+J65+J76+J87+J98+J21 -> 0 | ... S10: =S32+S43+S54+S65+S76+S87+S98+S21 -> 0
B11: 합계 | C11: =C33+C44+C55+C66+C77+C88+C99+C22 -> 0 | D11: =D33+D44+D55+D66+D77+D88+D99+D22 -> 0 | E11: =E33+E44+E55+E66+E77+E88+E99+E22 -> 0 | F11: =F33+F44+F55+F66+F77+F88+F99+F22 -> 0 | G11: =G33+G44+G55+G66+G77+G88+G99+G22 -> 0 | H11: =H33+H44+H55+H66+H77+H88+H99+H22 -> 0 | I11: =I33+I44+I55+I66+I77+I88+I99+I22 -> 0 | J11: =J33+J44+J55+J66+J77+J88+J99+J22 -> 0 | ... S11: =S33+S44+S55+S66+S77+S88+S99+S22 -> 0
B13: 조정
B14: 구분 | C14: 특허 | G14: 표준화 | M14: 기술이전 | N14: 상용화 (백만원) | O14: 기술료 (백만원) | P14: 성과홍보 | Q14: 시제품 | R14: S/W등록 | S14: 기술문서
C15: 국제 | E15: 국내 | G15: 국제 | J15: 국내
C16: 출원 | D16: 등록 | E16: 출원 | F16: 등록 | G16: 기고서제출 | H16: 기고서채택 | I16: 표준안채택 | J16: 기고서제출 | K16: 기고서채택 | L16: 표준안채택
B17: 1차년도 (2025년)
B18: 2차년도 (2026년)
B19: 3차년도 (2027년)
B20: 4차년도 (2028년)
B21: 5차년도 (2029년)
B22: 합계 | C22: =SUM(C17:C21) -> 0 | D22: =SUM(D17:D21) -> 0 | E22: =SUM(E17:E21) -> 0 | F22: =SUM(F17:F21) -> 0 | G22: =SUM(G17:G21) -> 0 | H22: =SUM(H17:H21) -> 0 | I22: =SUM(I17:I21) -> 0 | J22: =SUM(J17:J21) -> 0 | ... S22: =SUM(S17:S21) -> 0
B24: 기관명
B25: 구분 | C25: 특허 | G25: 표준화 | M25: 기술이전 | N25: 상용화 (백만원) | O25: 기술료 (백만원) | P25: 성과홍보 | Q25: 시제품 | R25: S/W등록 | S25: 기술문서
C26: 국제 | E26: 국내 | G26: 국제 | J26: 국내
C27: 출원 | D27: 등록 | E27: 출원 | F27: 등록 | G27: 기고서제출 | H27: 기고서채택 | I27: 표준안채택 | J27: 기고서제출 | K27: 기고서채택 | L27: 표준안채택
B28: 1차년도 (2025년)
B29: 2차년도 (2026년)
B30: 3차년도 (2027년)
B31: 4차년도 (2028년)
B32: 5차년도 (2029년)
B33: 합계 | C33: =SUM(C28:C32) -> 0 | D33: =SUM(D28:D32) -> 0 | E33: =SUM(E28:E32) -> 0 | F33: =SUM(F28:F32) -> 0 | G33: =SUM(G28:G32) -> 0 | H33: =SUM(H28:H32) -> 0 | I33: =SUM(I28:I32) -> 0 | J33: =SUM(J28:J32) -> 0 | ... S33: =SUM(S28:S32) -> 0
B35: 기관명
B36: 구분 | C36: 특허 | G36: 표준화 | M36: 기술이전 | N36: 상용화 (백만원) | O36: 기술료 (백만원) | P36: 성과홍보 | Q36: 시제품 | R36: S/W등록 | S36: 기술문서
C37: 국제 | E37: 국내 | G37: 국제 | J37: 국내
C38: 출원 | D38: 등록 | E38: 출원 | F38: 등록 | G38: 기고서제출 | H38: 기고서채택 | I38: 표준안채택 | J38: 기고서제출 | K38: 기고서채택 | L38: 표준안채택
B39: 1차년도 (2025년)
B40: 2차년도 (2026년)
B41: 3차년도 (2027년)
B42: 4차년도 (2028년)
B43: 5차년도 (2029년)
B44: 합계 | C44: =SUM(C39:C43) -> 0 | D44: =SUM(D39:D43) -> 0 | E44: =SUM(E39:E43) -> 0 | F44: =SUM(F39:F43) -> 0 | G44: =SUM(G39:G43) -> 0 | H44: =SUM(H39:H43) -> 0 | I44: =SUM(I39:I43) -> 0 | J44: =SUM(J39:J43) -> 0 | ... S44: =SUM(S39:S43) -> 0
B46: 기관명
B47: 구분 | C47: 특허 | G47: 표준화 | M47: 기술이전 | N47: 상용화 (백만원) | O47: 기술료 (백만원) | P47: 성과홍보 | Q47: 시제품 | R47: S/W등록 | S47: 기술문서
C48: 국제 | E48: 국내 | G48: 국제 | J48: 국내
C49: 출원 | D49: 등록 | E49: 출원 | F49: 등록 | G49: 기고서제출 | H49: 기고서채택 | I49: 표준안채택 | J49: 기고서제출 | K49: 기고서채택 | L49: 표준안채택
B50: 1차년도 (2025년)
B51: 2차년도 (2026년)
B52: 3차년도 (2027년)
B53: 4차년도 (2028년)
B54: 5차년도 (2029년)
B55: 합계 | C55: =SUM(C50:C54) -> 0 | D55: =SUM(D50:D54) -> 0 | E55: =SUM(E50:E54) -> 0 | F55: =SUM(F50:F54) -> 0 | G55: =SUM(G50:G54) -> 0 | H55: =SUM(H50:H54) -> 0 | I55: =SUM(I50:I54) -> 0 | J55: =SUM(J50:J54) -> 0 | ... S55: =SUM(S50:S54) -> 0
B57: 기관명
B58: 구분 | C58: 특허 | G58: 표준화 | M58: 기술이전 | N58: 상용화 (백만원) | O58: 기술료 (백만원) | P58: 성과홍보 | Q58: 시제품 | R58: S/W등록 | S58: 기술문서
C59: 국제 | E59: 국내 | G59: 국제 | J59: 국내
C60: 출원 | D60: 등록 | E60: 출원 | F60: 등록 | G60: 기고서제출 | H60: 기고서채택 | I60: 표준안채택 | J60: 기고서제출 | K60: 기고서채택 | L60: 표준안채택
B61: 1차년도 (2025년)
B62: 2차년도 (2026년)
B63: 3차년도 (2027년)
B64: 4차년도 (2028년)
B65: 5차년도 (2029년)
B66: 합계 | C66: =SUM(C61:C65) -> 0 | D66: =SUM(D61:D65) -> 0 | E66: =SUM(E61:E65) -> 0 | F66: =SUM(F61:F65) -> 0 | G66: =SUM(G61:G65) -> 0 | H66: =SUM(H61:H65) -> 0 | I66: =SUM(I61:I65) -> 0 | J66: =SUM(J61:J65) -> 0 | ... S66: =SUM(S61:S65) -> 0
B68: 기관명
B69: 구분 | C69: 특허 | G69: 표준화 | M69: 기술이전 | N69: 상용화 (백만원) | O69: 기술료 (백만원) | P69: 성과홍보 | Q69: 시제품 | R69: S/W등록 | S69: 기술문서
C70: 국제 | E70: 국내 | G70: 국제 | J70: 국내
C71: 출원 | D71: 등록 | E71: 출원 | F71: 등록 | G71: 기고서제출 | H71: 기고서채택 | I71: 표준안채택 | J71: 기고서제출 | K71: 기고서채택 | L71: 표준안채택
B72: 1차년도 (2025년)
B73: 2차년도 (2026년)
B74: 3차년도 (2027년)
B75: 4차년도 (2028년)
B76: 5차년도 (2029년)
B77: 합계 | C77: =SUM(C72:C76) -> 0 | D77: =SUM(D72:D76) -> 0 | E77: =SUM(E72:E76) -> 0 | F77: =SUM(F72:F76) -> 0 | G77: =SUM(G72:G76) -> 0 | H77: =SUM(H72:H76) -> 0 | I77: =SUM(I72:I76) -> 0 | J77: =SUM(J72:J76) -> 0 | ... S77: =SUM(S72:S76) -> 0
B79: 기관명
B80: 구분 | C80: 특허 | G80: 표준화 | M80: 기술이전 | N80: 상용화 (백만원) | O80: 기술료 (백만원) | P80: 성과홍보 | Q80: 시제품 | R80: S/W등록 | S80: 기술문서
C81: 국제 | E81: 국내 | G81: 국제 | J81: 국내
C82: 출원 | D82: 등록 | E82: 출원 | F82: 등록 | G82: 기고서제출 | H82: 기고서채택 | I82: 표준안채택 | J82: 기고서제출 | K82: 기고서채택 | L82: 표준안채택
B83: 1차년도 (2025년)
B84: 2차년도 (2026년)
B85: 3차년도 (2027년)
B86: 4차년도 (2028년)
B87: 5차년도 (2029년)
B88: 합계 | C88: =SUM(C83:C87) -> 0 | D88: =SUM(D83:D87) -> 0 | E88: =SUM(E83:E87) -> 0 | F88: =SUM(F83:F87) -> 0 | G88: =SUM(G83:G87) -> 0 | H88: =SUM(H83:H87) -> 0 | I88: =SUM(I83:I87) -> 0 | J88: =SUM(J83:J87) -> 0 | ... S88: =SUM(S83:S87) -> 0
B90: 기관명
B91: 구분 | C91: 특허 | G91: 표준화 | M91: 기술이전 | N91: 상용화 (백만원) | O91: 기술료 (백만원) | P91: 성과홍보 | Q91: 시제품 | R91: S/W등록 | S91: 기술문서
C92: 국제 | E92: 국내 | G92: 국제 | J92: 국내
C93: 출원 | D93: 등록 | E93: 출원 | F93: 등록 | G93: 기고서제출 | H93: 기고서채택 | I93: 표준안채택 | J93: 기고서제출 | K93: 기고서채택 | L93: 표준안채택
B94: 1차년도 (2025년)
B95: 2차년도 (2026년)
B96: 3차년도 (2027년)
B97: 4차년도 (2028년)
B98: 5차년도 (2029년)
B99: 합계 | C99: =SUM(C94:C98) -> 0 | D99: =SUM(D94:D98) -> 0 | E99: =SUM(E94:E98) -> 0 | F99: =SUM(F94:F98) -> 0 | G99: =SUM(G94:G98) -> 0 | H99: =SUM(H94:H98) -> 0 | I99: =SUM(I94:I98) -> 0 | J99: =SUM(J94:J98) -> 0 | ... S99: =SUM(S94:S98) -> 0

Sheet 성과지표(3세부)
B2: 통합
B3: 구분 | C3: 특허 | G3: 표준화 | M3: 기술이전 | N3: 상용화 (백만원) | O3: 기술료 (백만원) | P3: 성과홍보 | Q3: 시제품 | R3: S/W등록 | S3: 기술문서
C4: 국제 | E4: 국내 | G4: 국제 | J4: 국내
C5: 출원 | D5: 등록 | E5: 출원 | F5: 등록 | G5: 기고서제출 | H5: 기고서채택 | I5: 표준안채택 | J5: 기고서제출 | K5: 기고서채택 | L5: 표준안채택
B6: 1차년도 (2025년) | C6: =C28+C39+C50+C61+C72+C83+C94+C17 -> 0 | D6: =D28+D39+D50+D61+D72+D83+D94+D17 -> 0 | E6: =E28+E39+E50+E61+E72+E83+E94+E17 -> 0 | F6: =F28+F39+F50+F61+F72+F83+F94+F17 -> 0 | G6: =G28+G39+G50+G61+G72+G83+G94+G17 -> 0 | H6: =H28+H39+H50+H61+H72+H83+H94+H17 -> 0 | I6: =I28+I39+I50+I61+I72+I83+I94+I17 -> 0 | J6: =J28+J39+J50+J61+J72+J83+J94+J17 -> 0 | ... S6: =S28+S39+S50+S61+S72+S83+S94+S17 -> 0
B7: 2차년도 (2026년) | C7: =C29+C40+C51+C62+C73+C84+C95+C18 -> 0 | D7: =D29+D40+D51+D62+D73+D84+D95+D18 -> 0 | E7: =E29+E40+E51+E62+E73+E84+E95+E18 -> 0 | F7: =F29+F40+F51+F62+F73+F84+F95+F18 -> 0 | G7: =G29+G40+G51+G62+G73+G84+G95+G18 -> 0 | H7: =H29+H40+H51+H62+H73+H84+H95+H18 -> 0 | I7: =I29+I40+I51+I62+I73+I84+I95+I18 -> 0 | J7: =J29+J40+J51+J62+J73+J84+J95+J18 -> 0 | ... S7: =S29+S40+S51+S62+S73+S84+S95+S18 -> 0
B8: 3차년도 (2027년) | C8: =C30+C41+C52+C63+C74+C85+C96+C19 -> 0 | D8: =D30+D41+D52+D63+D74+D85+D96+D19 -> 0 | E8: =E30+E41+E52+E63+E74+E85+E96+E19 -> 0 | F8: =F30+F41+F52+F63+F74+F85+F96+F19 -> 0 | G8: =G30+G41+G52+G63+G74+G85+G96+G19 -> 0 | H8: =H30+H41+H52+H63+H74+H85+H96+H19 -> 0 | I8: =I30+I41+I52+I63+I74+I85+I96+I19 -> 0 | J8: =J30+J41+J52+J63+J74+J85+J96+J19 -> 0 | ... S8: =S30+S41+S52+S63+S74+S85+S96+S19 -> 0
B9: 4차년도 (2028년) | C9: =C31+C42+C53+C64+C75+C86+C97+C20 -> 0 | D9: =D31+D42+D53+D64+D75+D86+D97+D20 -> 0 | E9: =E31+E42+E53+E64+E75+E86+E97+E20 -> 0 | F9: =F31+F42+F53+F64+F75+F86+F97+F20 -> 0 | G9: =G31+G42+G53+G64+G75+G86+G97+G20 -> 0 | H9: =H31+H42+H53+H64+H75+H86+H97+H20 -> 0 | I9: =I31+I42+I53+I64+I75+I86+I97+I20 -> 0 | J9: =J31+J42+J53+J64+J75+J86+J97+J20 -> 0 | ... S9: =S31+S42+S53+S64+S75+S86+S97+S20 -> 0
B10: 5차년도 (2029년) | C10: =C32+C43+C54+C65+C76+C87+C98+C21 -> 0 | D10: =D32+D43+D54+D65+D76+D87+D98+D21 -> 0 | E10: =E32+E43+E54+E65+E76+E87+E98+E21 -> 0 | F10: =F32+F43+F54+F65+F76+F87+F98+F21 -> 0 | G10: =G32+G43+G54+G65+G76+G87+G98+G21 -> 0 | H10: =H32+H43+H54+H65+H76+H87+H98+H21 -> 0 | I10: =I32+I43+I54+I65+I76+I87+I98+I21 -> 0 | J10: =J32+J43+J54+J65+J76+J87+J98+J21 -> 0 | ... S10: =S32+S43+S54+S65+S76+S87+S98+S21 -> 0
B11: 합계 | C11: =C33+C44+C55+C66+C77+C88+C99+C22 -> 0 | D11: =D33+D44+D55+D66+D77+D88+D99+D22 -> 0 | E11: =E33+E44+E55+E66+E77+E88+E99+E22 -> 0 | F11: =F33+F44+F55+F66+F77+F88+F99+F22 -> 0 | G11: =G33+G44+G55+G66+G77+G88+G99+G22 -> 0 | H11: =H33+H44+H55+H66+H77+H88+H99+H22 -> 0 | I11: =I33+I44+I55+I66+I77+I88+I99+I22 -> 0 | J11: =J33+J44+J55+J66+J77+J88+J99+J22 -> 0 | ... S11: =S33+S44+S55+S66+S77+S88+S99+S22 -> 0
B13: 조정
B14: 구분 | C14: 특허 | G14: 표준화 | M14: 기술이전 | N14: 상용화 (백만원) | O14: 기술료 (백만원) | P14: 성과홍보 | Q14: 시제품 | R14: S/W등록 | S14: 기술문서
C15: 국제 | E15: 국내 | G15: 국제 | J15: 국내
C16: 출원 | D16: 등록 | E16: 출원 | F16: 등록 | G16: 기고서제출 | H16: 기고서채택 | I16: 표준안채택 | J16: 기고서제출 | K16: 기고서채택 | L16: 표준안채택
B17: 1차년도 (2025년)
B18: 2차년도 (2026년)
B19: 3차년도 (2027년)
B20: 4차년도 (2028년)
B21: 5차년도 (2029년)
B22: 합계 | C22: =SUM(C17:C21) -> 0 | D22: =SUM(D17:D21) -> 0 | E22: =SUM(E17:E21) -> 0 | F22: =SUM(F17:F21) -> 0 | G22: =SUM(G17:G21) -> 0 | H22: =SUM(H17:H21) -> 0 | I22: =SUM(I17:I21) -> 0 | J22: =SUM(J17:J21) -> 0 | ... S22: =SUM(S17:S21) -> 0
B24: 기관명
B25: 구분 | C25: 특허 | G25: 표준화 | M25: 기술이전 | N25: 상용화 (백만원) | O25: 기술료 (백만원) | P25: 성과홍보 | Q25: 시제품 | R25: S/W등록 | S25: 기술문서
C26: 국제 | E26: 국내 | G26: 국제 | J26: 국내
C27: 출원 | D27: 등록 | E27: 출원 | F27: 등록 | G27: 기고서제출 | H27: 기고서채택 | I27: 표준안채택 | J27: 기고서제출 | K27: 기고서채택 | L27: 표준안채택
B28: 1차년도 (2025년)
B29: 2차년도 (2026년)
B30: 3차년도 (2027년)
B31: 4차년도 (2028년)
B32: 5차년도 (2029년)
B33: 합계 | C33: =SUM(C28:C32) -> 0 | D33: =SUM(D28:D32) -> 0 | E33: =SUM(E28:E32) -> 0 | F33: =SUM(F28:F32) -> 0 | G33: =SUM(G28:G32) -> 0 | H33: =SUM(H28:H32) -> 0 | I33: =SUM(I28:I32) -> 0 | J33: =SUM(J28:J32) -> 0 | ... S33: =SUM(S28:S32) -> 0
B35: 기관명
B36: 구분 | C36: 특허 | G36: 표준화 | M36: 기술이전 | N36: 상용화 (백만원) | O36: 기술료 (백만원) | P36: 성과홍보 | Q36: 시제품 | R36: S/W등록 | S36: 기술문서
C37: 국제 | E37: 국내 | G37: 국제 | J37: 국내
C38: 출원 | D38: 등록 | E38: 출원 | F38: 등록 | G38: 기고서제출 | H38: 기고서채택 | I38: 표준안채택 | J38: 기고서제출 | K38: 기고서채택 | L38: 표준안채택
B39: 1차년도 (2025년)
B40: 2차년도 (2026년)
B41: 3차년도 (2027년)
B42: 4차년도 (2028년)
B43: 5차년도 (2029년)
B44: 합계 | C44: =SUM(C39:C43) -> 0 | D44: =SUM(D39:D43) -> 0 | E44: =SUM(E39:E43) -> 0 | F44: =SUM(F39:F43) -> 0 | G44: =SUM(G39:G43) -> 0 | H44: =SUM(H39:H43) -> 0 | I44: =SUM(I39:I43) -> 0 | J44: =SUM(J39:J43) -> 0 | ... S44: =SUM(S39:S43) -> 0
B46: 기관명
B47: 구분 | C47: 특허 | G47: 표준화 | M47: 기술이전 | N47: 상용화 (백만원) | O47: 기술료 (백만원) | P47: 성과홍보 | Q47: 시제품 | R47: S/W등록 | S47: 기술문서
C48: 국제 | E48: 국내 | G48: 국제 | J48: 국내
C49: 출원 | D49: 등록 | E49: 출원 | F49: 등록 | G49: 기고서제출 | H49: 기고서채택 | I49: 표준안채택 | J49: 기고서제출 | K49: 기고서채택 | L49: 표준안채택
B50: 1차년도 (2025년)
B51: 2차년도 (2026년)
B52: 3차년도 (2027년)
B53: 4차년도 (2028년)
B54: 5차년도 (2029년)
B55: 합계 | C55: =SUM(C50:C54) -> 0 | D55: =SUM(D50:D54) -> 0 | E55: =SUM(E50:E54) -> 0 | F55: =SUM(F50:F54) -> 0 | G55: =SUM(G50:G54) -> 0 | H55: =SUM(H50:H54) -> 0 | I55: =SUM(I50:I54) -> 0 | J55: =SUM(J50:J54) -> 0 | ... S55: =SUM(S50:S54) -> 0
B57: 기관명
B58: 구분 | C58: 특허 | G58: 표준화 | M58: 기술이전 | N58: 상용화 (백만원) | O58: 기술료 (백만원) | P58: 성과홍보 | Q58: 시제품 | R58: S/W등록 | S58: 기술문서
C59: 국제 | E59: 국내 | G59: 국제 | J59: 국내
C60: 출원 | D60: 등록 | E60: 출원 | F60: 등록 | G60: 기고서제출 | H60: 기고서채택 | I60: 표준안채택 | J60: 기고서제출 | K60: 기고서채택 | L60: 표준안채택
B61: 1차년도 (2025년)
B62: 2차년도 (2026년)
B63: 3차년도 (2027년)
B64: 4차년도 (2028년)
B65: 5차년도 (2029년)
B66: 합계 | C66: =SUM(C61:C65) -> 0 | D66: =SUM(D61:D65) -> 0 | E66: =SUM(E61:E65) -> 0 | F66: =SUM(F61:F65) -> 0 | G66: =SUM(G61:G65) -> 0 | H66: =SUM(H61:H65) -> 0 | I66: =SUM(I61:I65) -> 0 | J66: =SUM(J61:J65) -> 0 | ... S66: =SUM(S61:S65) -> 0
B68: 기관명
B69: 구분 | C69: 특허 | G69: 표준화 | M69: 기술이전 | N69: 상용화 (백만원) | O69: 기술료 (백만원) | P69: 성과홍보 | Q69: 시제품 | R69: S/W등록 | S69: 기술문서
C70: 국제 | E70: 국내 | G70: 국제 | J70: 국내
C71: 출원 | D71: 등록 | E71: 출원 | F71: 등록 | G71: 기고서제출 | H71: 기고서채택 | I71: 표준안채택 | J71: 기고서제출 | K71: 기고서채택 | L71: 표준안채택
B72: 1차년도 (2025년)
B73: 2차년도 (2026년)
B74: 3차년도 (2027년)
B75: 4차년도 (2028년)
B76: 5차년도 (2029년)
B77: 합계 | C77: =SUM(C72:C76) -> 0 | D77: =SUM(D72:D76) -> 0 | E77: =SUM(E72:E76) -> 0 | F77: =SUM(F72:F76) -> 0 | G77: =SUM(G72:G76) -> 0 | H77: =SUM(H72:H76) -> 0 | I77: =SUM(I72:I76) -> 0 | J77: =SUM(J72:J76) -> 0 | ... S77: =SUM(S72:S76) -> 0
B79: 기관명
B80: 구분 | C80: 특허 | G80: 표준화 | M80: 기술이전 | N80: 상용화 (백만원) | O80: 기술료 (백만원) | P80: 성과홍보 | Q80: 시제품 | R80: S/W등록 | S80: 기술문서
C81: 국제 | E81: 국내 | G81: 국제 | J81: 국내
C82: 출원 | D82: 등록 | E82: 출원 | F82: 등록 | G82: 기고서제출 | H82: 기고서채택 | I82: 표준안채택 | J82: 기고서제출 | K82: 기고서채택 | L82: 표준안채택
B83: 1차년도 (2025년)
B84: 2차년도 (2026년)
B85: 3차년도 (2027년)
B86: 4차년도 (2028년)
B87: 5차년도 (2029년)
B88: 합계 | C88: =SUM(C83:C87) -> 0 | D88: =SUM(D83:D87) -> 0 | E88: =SUM(E83:E87) -> 0 | F88: =SUM(F83:F87) -> 0 | G88: =SUM(G83:G87) -> 0 | H88: =SUM(H83:H87) -> 0 | I88: =SUM(I83:I87) -> 0 | J88: =SUM(J83:J87) -> 0 | ... S88: =SUM(S83:S87) -> 0
B90: 기관명
B91: 구분 | C91: 특허 | G91: 표준화 | M91: 기술이전 | N91: 상용화 (백만원) | O91: 기술료 (백만원) | P91: 성과홍보 | Q91: 시제품 | R91: S/W등록 | S91: 기술문서
C92: 국제 | E92: 국내 | G92: 국제 | J92: 국내
C93: 출원 | D93: 등록 | E93: 출원 | F93: 등록 | G93: 기고서제출 | H93: 기고서채택 | I93: 표준안채택 | J93: 기고서제출 | K93: 기고서채택 | L93: 표준안채택
B94: 1차년도 (2025년)
B95: 2차년도 (2026년)
B96: 3차년도 (2027년)
B97: 4차년도 (2028년)
B98: 5차년도 (2029년)
B99: 합계 | C99: =SUM(C94:C98) -> 0 | D99: =SUM(D94:D98) -> 0 | E99: =SUM(E94:E98) -> 0 | F99: =SUM(F94:F98) -> 0 | G99: =SUM(G94:G98) -> 0 | H99: =SUM(H94:H98) -> 0 | I99: =SUM(I94:I98) -> 0 | J99: =SUM(J94:J98) -> 0 | ... S99: =SUM(S94:S98) -> 0

Sheet 성과지표(4세부)
B2: 통합
B3: 구분 | C3: 특허 | G3: 표준화 | M3: 기술이전 | N3: 상용화 (백만원) | O3: 기술료 (백만원) | P3: 성과홍보 | Q3: 시제품 | R3: S/W등록 | S3: 기술문서
C4: 국제 | E4: 국내 | G4: 국제 | J4: 국내
C5: 출원 | D5: 등록 | E5: 출원 | F5: 등록 | G5: 기고서제출 | H5: 기고서채택 | I5: 표준안채택 | J5: 기고서제출 | K5: 기고서채택 | L5: 표준안채택
B6: 1차년도 (2025년) | C6: =C28+C39+C50+C61+C72+C83+C94+C17 -> 0 | D6: =D28+D39+D50+D61+D72+D83+D94+D17 -> 0 | E6: =E28+E39+E50+E61+E72+E83+E94+E17 -> 0 | F6: =F28+F39+F50+F61+F72+F83+F94+F17 -> 0 | G6: =G28+G39+G50+G61+G72+G83+G94+G17 -> 0 | H6: =H28+H39+H50+H61+H72+H83+H94+H17 -> 0 | I6: =I28+I39+I50+I61+I72+I83+I94+I17 -> 0 | J6: =J28+J39+J50+J61+J72+J83+J94+J17 -> 0 | ... S6: =S28+S39+S50+S61+S72+S83+S94+S17 -> 0
B7: 2차년도 (2026년) | C7: =C29+C40+C51+C62+C73+C84+C95+C18 -> 0 | D7: =D29+D40+D51+D62+D73+D84+D95+D18 -> 0 | E7: =E29+E40+E51+E62+E73+E84+E95+E18 -> 0 | F7: =F29+F40+F51+F62+F73+F84+F95+F18 -> 0 | G7: =G29+G40+G51+G62+G73+G84+G95+G18 -> 0 | H7: =H29+H40+H51+H62+H73+H84+H95+H18 -> 0 | I7: =I29+I40+I51+I62+I73+I84+I95+I18 -> 0 | J7: =J29+J40+J51+J62+J73+J84+J95+J18 -> 0 | ... S7: =S29+S40+S51+S62+S73+S84+S95+S18 -> 0
B8: 3차년도 (2027년) | C8: =C30+C41+C52+C63+C74+C85+C96+C19 -> 0 | D8: =D30+D41+D52+D63+D74+D85+D96+D19 -> 0 | E8: =E30+E41+E52+E63+E74+E85+E96+E19 -> 0 | F8: =F30+F41+F52+F63+F74+F85+F96+F19 -> 0 | G8: =G30+G41+G52+G63+G74+G85+G96+G19 -> 0 | H8: =H30+H41+H52+H63+H74+H85+H96+H19 -> 0 | I8: =I30+I41+I52+I63+I74+I85+I96+I19 -> 0 | J8: =J30+J41+J52+J63+J74+J85+J96+J19 -> 0 | ... S8: =S30+S41+S52+S63+S74+S85+S96+S19 -> 0
B9: 4차년도 (2028년) | C9: =C31+C42+C53+C64+C75+C86+C97+C20 -> 0 | D9: =D31+D42+D53+D64+D75+D86+D97+D20 -> 0 | E9: =E31+E42+E53+E64+E75+E86+E97+E20 -> 0 | F9: =F31+F42+F53+F64+F75+F86+F97+F20 -> 0 | G9: =G31+G42+G53+G64+G75+G86+G97+G20 -> 0 | H9: =H31+H42+H53+H64+H75+H86+H97+H20 -> 0 | I9: =I31+I42+I53+I64+I75+I86+I97+I20 -> 0 | J9: =J31+J42+J53+J64+J75+J86+J97+J20 -> 0 | ... S9: =S31+S42+S53+S64+S75+S86+S97+S20 -> 0
B10: 5차년도 (2029년) | C10: =C32+C43+C54+C65+C76+C87+C98+C21 -> 0 | D10: =D32+D43+D54+D65+D76+D87+D98+D21 -> 0 | E10: =E32+E43+E54+E65+E76+E87+E98+E21 -> 0 | F10: =F32+F43+F54+F65+F76+F87+F98+F21 -> 0 | G10: =G32+G43+G54+G65+G76+G87+G98+G21 -> 0 | H10: =H32+H43+H54+H65+H76+H87+H98+H21 -> 0 | I10: =I32+I43+I54+I65+I76+I87+I98+I21 -> 0 | J10: =J32+J43+J54+J65+J76+J87+J98+J21 -> 0 | ... S10: =S32+S43+S54+S65+S76+S87+S98+S21 -> 0
B11: 합계 | C11: =C33+C44+C55+C66+C77+C88+C99+C22 -> 0 | D11: =D33+D44+D55+D66+D77+D88+D99+D22 -> 0 | E11: =E33+E44+E55+E66+E77+E88+E99+E22 -> 0 | F11: =F33+F44+F55+F66+F77+F88+F99+F22 -> 0 | G11: =G33+G44+G55+G66+G77+G88+G99+G22 -> 0 | H11: =H33+H44+H55+H66+H77+H88+H99+H22 -> 0 | I11: =I33+I44+I55+I66+I77+I88+I99+I22 -> 0 | J11: =J33+J44+J55+J66+J77+J88+J99+J22 -> 0 | ... S11: =S33+S44+S55+S66+S77+S88+S99+S22 -> 0
B13: 조정
B14: 구분 | C14: 특허 | G14: 표준화 | M14: 기술이전 | N14: 상용화 (백만원) | O14: 기술료 (백만원) | P14: 성과홍보 | Q14: 시제품 | R14: S/W등록 | S14: 기술문서
C15: 국제 | E15: 국내 | G15: 국제 | J15: 국내
C16: 출원 | D16: 등록 | E16: 출원 | F16: 등록 | G16: 기고서제출 | H16: 기고서채택 | I16: 표준안채택 | J16: 기고서제출 | K16: 기고서채택 | L16: 표준안채택
B17: 1차년도 (2025년)
B18: 2차년도 (2026년)
B19: 3차년도 (2027년)
B20: 4차년도 (2028년)
B21: 5차년도 (2029년)
B22: 합계 | C22: =SUM(C17:C21) -> 0 | D22: =SUM(D17:D21) -> 0 | E22: =SUM(E17:E21) -> 0 | F22: =SUM(F17:F21) -> 0 | G22: =SUM(G17:G21) -> 0 | H22: =SUM(H17:H21) -> 0 | I22: =SUM(I17:I21) -> 0 | J22: =SUM(J17:J21) -> 0 | ... S22: =SUM(S17:S21) -> 0
B24: 기관명
B25: 구분 | C25: 특허 | G25: 표준화 | M25: 기술이전 | N25: 상용화 (백만원) | O25: 기술료 (백만원) | P25: 성과홍보 | Q25: 시제품 | R25: S/W등록 | S25: 기술문서
C26: 국제 | E26: 국내 | G26: 국제 | J26: 국내
C27: 출원 | D27: 등록 | E27: 출원 | F27: 등록 | G27: 기고서제출 | H27: 기고서채택 | I27: 표준안채택 | J27: 기고서제출 | K27: 기고서채택 | L27: 표준안채택
B28: 1차년도 (2025년)
B29: 2차년도 (2026년)
B30: 3차년도 (2027년)
B31: 4차년도 (2028년)
B32: 5차년도 (2029년)
B33: 합계 | C33: =SUM(C28:C32) -> 0 | D33: =SUM(D28:D32) -> 0 | E33: =SUM(E28:E32) -> 0 | F33: =SUM(F28:F32) -> 0 | G33: =SUM(G28:G32) -> 0 | H33: =SUM(H28:H32) -> 0 | I33: =SUM(I28:I32) -> 0 | J33: =SUM(J28:J32) -> 0 | ... S33: =SUM(S28:S32) -> 0
B35: 기관명
B36: 구분 | C36: 특허 | G36: 표준화 | M36: 기술이전 | N36: 상용화 (백만원) | O36: 기술료 (백만원) | P36: 성과홍보 | Q36: 시제품 | R36: S/W등록 | S36: 기술문서
C37: 국제 | E37: 국내 | G37: 국제 | J37: 국내
C38: 출원 | D38: 등록 | E38: 출원 | F38: 등록 | G38: 기고서제출 | H38: 기고서채택 | I38: 표준안채택 | J38: 기고서제출 | K38: 기고서채택 | L38: 표준안채택
B39: 1차년도 (2025년)
B40: 2차년도 (2026년)
B41: 3차년도 (2027년)
B42: 4차년도 (2028년)
B43: 5차년도 (2029년)
B44: 합계 | C44: =SUM(C39:C43) -> 0 | D44: =SUM(D39:D43) -> 0 | E44: =SUM(E39:E43) -> 0 | F44: =SUM(F39:F43) -> 0 | G44: =SUM(G39:G43) -> 0 | H44: =SUM(H39:H43) -> 0 | I44: =SUM(I39:I43) -> 0 | J44: =SUM(J39:J43) -> 0 | ... S44: =SUM(S39:S43) -> 0
B46: 기관명
B47: 구분 | C47: 특허 | G47: 표준화 | M47: 기술이전 | N47: 상용화 (백만원) | O47: 기술료 (백만원) | P47: 성과홍보 | Q47: 시제품 | R47: S/W등록 | S47: 기술문서
C48: 국제 | E48: 국내 | G48: 국제 | J48: 국내
C49: 출원 | D49: 등록 | E49: 출원 | F49: 등록 | G49: 기고서제출 | H49: 기고서채택 | I49: 표준안채택 | J49: 기고서제출 | K49: 기고서채택 | L49: 표준안채택
B50: 1차년도 (2025년)
B51: 2차년도 (2026년)
B52: 3차년도 (2027년)
B53: 4차년도 (2028년)
B54: 5차년도 (2029년)
B55: 합계 | C55: =SUM(C50:C54) -> 0 | D55: =SUM(D50:D54) -> 0 | E55: =SUM(E50:E54) -> 0 | F55: =SUM(F50:F54) -> 0 | G55: =SUM(G50:G54) -> 0 | H55: =SUM(H50:H54) -> 0 | I55: =SUM(I50:I54) -> 0 | J55: =SUM(J50:J54) -> 0 | ... S55: =SUM(S50:S54) -> 0
B57: 기관명
B58: 구분 | C58: 특허 | G58: 표준화 | M58: 기술이전 | N58: 상용화 (백만원) | O58: 기술료 (백만원) | P58: 성과홍보 | Q58: 시제품 | R58: S/W등록 | S58: 기술문서
C59: 국제 | E59: 국내 | G59: 국제 | J59: 국내
C60: 출원 | D60: 등록 | E60: 출원 | F60: 등록 | G60: 기고서제출 | H60: 기고서채택 | I60: 표준안채택 | J60: 기고서제출 | K60: 기고서채택 | L60: 표준안채택
B61: 1차년도 (2025년)
B62: 2차년도 (2026년)
B63: 3차년도 (2027년)
B64: 4차년도 (2028년)
B65: 5차년도 (2029년)
B66: 합계 | C66: =SUM(C61:C65) -> 0 | D66: =SUM(D61:D65) -> 0 | E66: =SUM(E61:E65) -> 0 | F66: =SUM(F61:F65) -> 0 | G66: =SUM(G61:G65) -> 0 | H66: =SUM(H61:H65) -> 0 | I66: =SUM(I61:I65) -> 0 | J66: =SUM(J61:J65) -> 0 | ... S66: =SUM(S61:S65) -> 0
B68: 기관명
B69: 구분 | C69: 특허 | G69: 표준화 | M69: 기술이전 | N69: 상용화 (백만원) | O69: 기술료 (백만원) | P69: 성과홍보 | Q69: 시제품 | R69: S/W등록 | S69: 기술문서
C70: 국제 | E70: 국내 | G70: 국제 | J70: 국내
C71: 출원 | D71: 등록 | E71: 출원 | F71: 등록 | G71: 기고서제출 | H71: 기고서채택 | I71: 표준안채택 | J71: 기고서제출 | K71: 기고서채택 | L71: 표준안채택
B72: 1차년도 (2025년)
B73: 2차년도 (2026년)
B74: 3차년도 (2027년)
B75: 4차년도 (2028년)
B76: 5차년도 (2029년)
B77: 합계 | C77: =SUM(C72:C76) -> 0 | D77: =SUM(D72:D76) -> 0 | E77: =SUM(E72:E76) -> 0 | F77: =SUM(F72:F76) -> 0 | G77: =SUM(G72:G76) -> 0 | H77: =SUM(H72:H76) -> 0 | I77: =SUM(I72:I76) -> 0 | J77: =SUM(J72:J76) -> 0 | ... S77: =SUM(S72:S76) -> 0
B79: 기관명
B80: 구분 | C80: 특허 | G80: 표준화 | M80: 기술이전 | N80: 상용화 (백만원) | O80: 기술료 (백만원) | P80: 성과홍보 | Q80: 시제품 | R80: S/W등록 | S80: 기술문서
C81: 국제 | E81: 국내 | G81: 국제 | J81: 국내
C82: 출원 | D82: 등록 | E82: 출원 | F82: 등록 | G82: 기고서제출 | H82: 기고서채택 | I82: 표준안채택 | J82: 기고서제출 | K82: 기고서채택 | L82: 표준안채택
B83: 1차년도 (2025년)
B84: 2차년도 (2026년)
B85: 3차년도 (2027년)
B86: 4차년도 (2028년)
B87: 5차년도 (2029년)
B88: 합계 | C88: =SUM(C83:C87) -> 0 | D88: =SUM(D83:D87) -> 0 | E88: =SUM(E83:E87) -> 0 | F88: =SUM(F83:F87) -> 0 | G88: =SUM(G83:G87) -> 0 | H88: =SUM(H83:H87) -> 0 | I88: =SUM(I83:I87) -> 0 | J88: =SUM(J83:J87) -> 0 | ... S88: =SUM(S83:S87) -> 0
B90: 기관명
B91: 구분 | C91: 특허 | G91: 표준화 | M91: 기술이전 | N91: 상용화 (백만원) | O91: 기술료 (백만원) | P91: 성과홍보 | Q91: 시제품 | R91: S/W등록 | S91: 기술문서
C92: 국제 | E92: 국내 | G92: 국제 | J92: 국내
C93: 출원 | D93: 등록 | E93: 출원 | F93: 등록 | G93: 기고서제출 | H93: 기고서채택 | I93: 표준안채택 | J93: 기고서제출 | K93: 기고서채택 | L93: 표준안채택
B94: 1차년도 (2025년)
B95: 2차년도 (2026년)
B96: 3차년도 (2027년)
B97: 4차년도 (2028년)
B98: 5차년도 (2029년)
B99: 합계 | C99: =SUM(C94:C98) -> 0 | D99: =SUM(D94:D98) -> 0 | E99: =SUM(E94:E98) -> 0 | F99: =SUM(F94:F98) -> 0 | G99: =SUM(G94:G98) -> 0 | H99: =SUM(H94:H98) -> 0 | I99: =SUM(I94:I98) -> 0 | J99: =SUM(J94:J98) -> 0 | ... S99: =SUM(S94:S98) -> 0

Sheet 연구개발비(총괄)
E2: 구분 | G2: 정부지원 | H2: 기관부담 | K2: 그 외 기관 등의 지원금 | Q2: 합 계
G3: 연구개발비 | H3: 연구개발비 | K3: 지방자치단체 | N3: 기타( )
E4: 단계 | F4: 연차 | G4: 현금 | H4: 현금 | I4: 현물 | J4: 소계 | K4: 현금 | L4: 현물 | M4: 소계 | N4: 현금 | O4: 현물 | P4: 소계 | Q4: 현금 | R4: 현물 | S4: 합계
E6: 총계 | G6: =SUM(G7:G11) -> 0 | H6: =SUM(H7:H11) -> 0 | I6: =SUM(I7:I11) -> 0 | J6: =SUM(J7:J11) -> 0 | K6: =SUM(K7:K11) -> 0 | L6: =SUM(L7:L11) -> 0 | M6: =SUM(M7:M11) -> 0 | N6: =SUM(N7:N11) -> 0 | ... S6: =SUM(S7:S11) -> 0
E7: 1 | F7: 1 | G7: =G20 -> 0 | H7: =H20 -> 0 | I7: =I20 -> 0 | J7: =H7+I7 -> 0 | K7: =K20 -> 0 | L7: =L20 -> 0 | M7: =K7+L7 -> 0 | N7: =N20 -> 0 | O7: =O20 -> 0 | P7: =N7+O7 -> 0 | Q7: =Q20 -> 0 | R7: =R20 -> 0 | S7: =S20 -> 0
F8: 2 | G8: =G21 -> 0 | H8: =H21 -> 0 | I8: =I21 -> 0 | J8: =H8+I8 -> 0 | K8: =K21 -> 0 | L8: =L21 -> 0 | M8: =K8+L8 -> 0 | N8: =N21 -> 0 | O8: =O21 -> 0 | P8: =N8+O8 -> 0 | Q8: =Q21 -> 0 | R8: =R21 -> 0 | S8: =S21 -> 0
F9: 3 | G9: =G22 -> 0 | H9: =H22 -> 0 | I9: =I22 -> 0 | J9: =H9+I9 -> 0 | K9: =K22 -> 0 | L9: =L22 -> 0 | M9: =K9+L9 -> 0 | N9: =N22 -> 0 | O9: =O22 -> 0 | P9: =N9+O9 -> 0 | Q9: =Q22 -> 0 | R9: =R22 -> 0 | S9: =S22 -> 0
E10: 2 | F10: 1 | G10: =G23 -> 0 | H10: =H23 -> 0 | I10: =I23 -> 0 | J10: =H10+I10 -> 0 | K10: =K23 -> 0 | L10: =L23 -> 0 | M10: =K10+L10 -> 0 | N10: =N23 -> 0 | O10: =O23 -> 0 | P10: =N10+O10 -> 0 | Q10: =Q23 -> 0 | R10: =R23 -> 0 | S10: =S23 -> 0
F11: 2 | G11: =G24 -> 0 | H11: =H24 -> 0 | I11: =I24 -> 0 | J11: =H11+I11 -> 0 | K11: =K24 -> 0 | L11: =L24 -> 0 | M11: =K11+L11 -> 0 | N11: =N24 -> 0 | O11: =O24 -> 0 | P11: =N11+O11 -> 0 | Q11: =Q24 -> 0 | R11: =R24 -> 0 | S11: =S24 -> 0
B15: 4-1. 연구개발비 지원.부담계획
D16: 구분 | G16: 정부지원 | H16: 기관부담 | K16: 그 외 기관 등의 지원금 | Q16: 합 계
G17: 연구개발비 | H17: 연구개발비 | K17: 지방자치단체 | N17: 기타( )
D18: 과제 | E18: 단계 | F18: 연차 | G18: 현금 | H18: 현금 | I18: 현물 | J18: 소계 | K18: 현금 | L18: 현물 | M18: 소계 | N18: 현금 | O18: 현물 | P18: 소계 | Q18: 현금 | R18: 현물 | S18: 합계
D20: 총괄 연구개발 과제 | E20: 1 | F20: 1 | G20: =G27+G34+G41+G48 -> 0 | H20: =H27+H34+H41+H48 -> 0 | I20: =I27+I34+I41+I48 -> 0 | J20: =J27+J34+J41+J48 -> 0 | K20: =K27+K34+K41+K48 -> 0 | L20: =L27+L34+L41+L48 -> 0 | M20: =M27+M34+M41+M48 -> 0 | N20: =N27+N34+N41+N48 -> 0 | ... S20: =S27+S34+S41+S48 -> 0
F21: 2 | G21: =G28+G35+G42+G49 -> 0 | H21: =H28+H35+H42+H49 -> 0 | I21: =I28+I35+I42+I49 -> 0 | J21: =J28+J35+J42+J49 -> 0 | K21: =K28+K35+K42+K49 -> 0 | L21: =L28+L35+L42+L49 -> 0 | M21: =M28+M35+M42+M49 -> 0 | N21: =N28+N35+N42+N49 -> 0 | ... S21: =S28+S35+S42+S49 -> 0
F22: 3 | G22: =G29+G36+G43+G50 -> 0 | H22: =H29+H36+H43+H50 -> 0 | I22: =I29+I36+I43+I50 -> 0 | J22: =J29+J36+J43+J50 -> 0 | K22: =K29+K36+K43+K50 -> 0 | L22: =L29+L36+L43+L50 -> 0 | M22: =M29+M36+M43+M50 -> 0 | N22: =N29+N36+N43+N50 -> 0 | ... S22: =S29+S36+S43+S50 -> 0
E23: 2 | F23: 1 | G23: =G30+G37+G44+G51 -> 0 | H23: =H30+H37+H44+H51 -> 0 | I23: =I30+I37+I44+I51 -> 0 | J23: =J30+J37+J44+J51 -> 0 | K23: =K30+K37+K44+K51 -> 0 | L23: =L30+L37+L44+L51 -> 0 | M23: =M30+M37+M44+M51 -> 0 | N23: =N30+N37+N44+N51 -> 0 | ... S23: =S30+S37+S44+S51 -> 0
F24: 2 | G24: =G31+G38+G45+G52 -> 0 | H24: =H31+H38+H45+H52 -> 0 | I24: =I31+I38+I45+I52 -> 0 | J24: =J31+J38+J45+J52 -> 0 | K24: =K31+K38+K45+K52 -> 0 | L24: =L31+L38+L45+L52 -> 0 | M24: =M31+M38+M45+M52 -> 0 | N24: =N31+N38+N45+N52 -> 0 | ... S24: =S31+S38+S45+S52 -> 0
E25: 소계 | F25: 1 | G25: =G32+G39+G46+G53 -> 0 | H25: =H32+H39+H46+H53 -> 0 | I25: =I32+I39+I46+I53 -> 0 | J25: =J32+J39+J46+J53 -> 0 | K25: =K32+K39+K46+K53 -> 0 | L25: =L32+L39+L46+L53 -> 0 | M25: =M32+M39+M46+M53 -> 0 | N25: =N32+N39+N46+N53 -> 0 | ... S25: =S32+S39+S46+S53 -> 0
F26: 2 | G26: =G33+G40+G47+G54 -> 0 | H26: =H33+H40+H47+H54 -> 0 | I26: =I33+I40+I47+I54 -> 0 | J26: =J33+J40+J47+J54 -> 0 | K26: =K33+K40+K47+K54 -> 0 | L26: =L33+L40+L47+L54 -> 0 | M26: =M33+M40+M47+M54 -> 0 | N26: =N33+N40+N47+N54 -> 0 | ... S26: =S33+S40+S47+S54 -> 0
D27: 연구개발 과제1 | E27: 1 | F27: 1 | G27: =SUM('연구개발비(1세부)'!G7:G13) -> 0 | H27: =SUM('연구개발비(1세부)'!H7:H13) -> 0 | I27: =SUM('연구개발비(1세부)'!I7:I13) -> 0 | J27: =SUM('연구개발비(1세부)'!J7:J13) -> 0 | K27: =SUM('연구개발비(1세부)'!K7:K13) -> 0 | L27: =SUM('연구개발비(1세부)'!L7:L13) -> 0 | M27: =SUM('연구개발비(1세부)'!M7:M13) -> 0 | N27: =SUM('연구개발비(1세부)'!N7:N13) -> 0 | ... S27: =SUM('연구개발비(1세부)'!S7:S13) -> 0
F28: 2 | G28: =SUM('연구개발비(1세부)'!G14:G20) -> 0 | H28: =SUM('연구개발비(1세부)'!H14:H20) -> 0 | I28: =SUM('연구개발비(1세부)'!I14:I20) -> 0 | J28: =SUM('연구개발비(1세부)'!J14:J20) -> 0 | K28: =SUM('연구개발비(1세부)'!K14:K20) -> 0 | L28: =SUM('연구개발비(1세부)'!L14:L20) -> 0 | M28: =SUM('연구개발비(1세부)'!M14:M20) -> 0 | N28: =SUM('연구개발비(1세부)'!N14:N20) -> 0 | ... S28: =SUM('연구개발비(1세부)'!S14:S20) -> 0
F29: 3 | G29: =SUM('연구개발비(1세부)'!G21:G27) -> 0 | H29: =SUM('연구개발비(1세부)'!H21:H27) -> 0 | I29: =SUM('연구개발비(1세부)'!I21:I27) -> 0 | J29: =SUM('연구개발비(1세부)'!J21:J27) -> 0 | K29: =SUM('연구개발비(1세부)'!K21:K27) -> 0 | L29: =SUM('연구개발비(1세부)'!L21:L27) -> 0 | M29: =SUM('연구개발비(1세부)'!M21:M27) -> 0 | N29: =SUM('연구개발비(1세부)'!N21:N27) -> 0 | ... S29: =SUM('연구개발비(1세부)'!S21:S27) -> 0
E30: 2 | F30: 1 | G30: =SUM('연구개발비(1세부)'!G29:G35) -> 0 | H30: =SUM('연구개발비(1세부)'!H29:H35) -> 0 | I30: =SUM('연구개발비(1세부)'!I29:I35) -> 0 | J30: =SUM('연구개발비(1세부)'!J29:J35) -> 0 | K30: =SUM('연구개발비(1세부)'!K29:K35) -> 0 | L30: =SUM('연구개발비(1세부)'!L29:L35) -> 0 | M30: =SUM('연구개발비(1세부)'!M29:M35) -> 0 | N30: =SUM('연구개발비(1세부)'!N29:N35) -> 0 | ... S30: =SUM('연구개발비(1세부)'!S29:S35) -> 0
F31: 2 | G31: =SUM('연구개발비(1세부)'!G36:G42) -> 0 | H31: =SUM('연구개발비(1세부)'!H36:H42) -> 0 | I31: =SUM('연구개발비(1세부)'!I36:I42) -> 0 | J31: =SUM('연구개발비(1세부)'!J36:J42) -> 0 | K31: =SUM('연구개발비(1세부)'!K36:K42) -> 0 | L31: =SUM('연구개발비(1세부)'!L36:L42) -> 0 | M31: =SUM('연구개발비(1세부)'!M36:M42) -> 0 | N31: =SUM('연구개발비(1세부)'!N36:N42) -> 0 | ... S31: =SUM('연구개발비(1세부)'!S36:S42) -> 0
E32: 소계 | F32: 1 | G32: =SUM(G27:G29) -> 0 | H32: =SUM(H27:H29) -> 0 | I32: =SUM(I27:I29) -> 0 | J32: =SUM(J27:J29) -> 0 | K32: =SUM(K27:K29) -> 0 | L32: =SUM(L27:L29) -> 0 | M32: =SUM(M27:M29) -> 0 | N32: =SUM(N27:N29) -> 0 | ... S32: =SUM(S27:S29) -> 0
F33: 2 | G33: =SUM(G30:G31) -> 0 | H33: =SUM(H30:H31) -> 0 | I33: =SUM(I30:I31) -> 0 | J33: =SUM(J30:J31) -> 0 | K33: =SUM(K30:K31) -> 0 | L33: =SUM(L30:L31) -> 0 | M33: =SUM(M30:M31) -> 0 | N33: =SUM(N30:N31) -> 0 | ... S33: =SUM(S30:S31) -> 0
D34: 연구개발 과제2 | E34: 1 | F34: 1 | G34: =SUM('연구개발비(2세부)'!G7:G13) -> 0 | H34: =SUM('연구개발비(2세부)'!H7:H13) -> 0 | I34: =SUM('연구개발비(2세부)'!I7:I13) -> 0 | J34: =SUM('연구개발비(2세부)'!J7:J13) -> 0 | K34: =SUM('연구개발비(2세부)'!K7:K13) -> 0 | L34: =SUM('연구개발비(2세부)'!L7:L13) -> 0 | M34: =SUM('연구개발비(2세부)'!M7:M13) -> 0 | N34: =SUM('연구개발비(2세부)'!N7:N13) -> 0 | ... S34: =SUM('연구개발비(2세부)'!S7:S13) -> 0
F35: 2 | G35: =SUM('연구개발비(2세부)'!G14:G20) -> 0 | H35: =SUM('연구개발비(2세부)'!H14:H20) -> 0 | I35: =SUM('연구개발비(2세부)'!I14:I20) -> 0 | J35: =SUM('연구개발비(2세부)'!J14:J20) -> 0 | K35: =SUM('연구개발비(2세부)'!K14:K20) -> 0 | L35: =SUM('연구개발비(2세부)'!L14:L20) -> 0 | M35: =SUM('연구개발비(2세부)'!M14:M20) -> 0 | N35: =SUM('연구개발비(2세부)'!N14:N20) -> 0 | ... S35: =SUM('연구개발비(2세부)'!S14:S20) -> 0
F36: 3 | G36: =SUM('연구개발비(2세부)'!G21:G27) -> 0 | H36: =SUM('연구개발비(2세부)'!H21:H27) -> 0 | I36: =SUM('연구개발비(2세부)'!I21:I27) -> 0 | J36: =SUM('연구개발비(2세부)'!J21:J27) -> 0 | K36: =SUM('연구개발비(2세부)'!K21:K27) -> 0 | L36: =SUM('연구개발비(2세부)'!L21:L27) -> 0 | M36: =SUM('연구개발비(2세부)'!M21:M27) -> 0 | N36: =SUM('연구개발비(2세부)'!N21:N27) -> 0 | ... S36: =SUM('연구개발비(2세부)'!S21:S27) -> 0
E37: 2 | F37: 1 | G37: =SUM('연구개발비(2세부)'!G21:G27) -> 0 | H37: =SUM('연구개발비(2세부)'!H21:H27) -> 0 | I37: =SUM('연구개발비(2세부)'!I21:I27) -> 0 | J37: =SUM('연구개발비(2세부)'!J21:J27) -> 0 | K37: =SUM('연구개발비(2세부)'!K21:K27) -> 0 | L37: =SUM('연구개발비(2세부)'!L21:L27) -> 0 | M37: =SUM('연구개발비(2세부)'!M21:M27) -> 0 | N37: =SUM('연구개발비(2세부)'!N21:N27) -> 0 | ... S37: =SUM('연구개발비(2세부)'!S21:S27) -> 0
F38: 2 | G38: =SUM('연구개발비(2세부)'!G36:G42) -> 0 | H38: =SUM('연구개발비(2세부)'!H36:H42) -> 0 | I38: =SUM('연구개발비(2세부)'!I36:I42) -> 0 | J38: =SUM('연구개발비(2세부)'!J36:J42) -> 0 | K38: =SUM('연구개발비(2세부)'!K36:K42) -> 0 | L38: =SUM('연구개발비(2세부)'!L36:L42) -> 0 | M38: =SUM('연구개발비(2세부)'!M36:M42) -> 0 | N38: =SUM('연구개발비(2세부)'!N36:N42) -> 0 | ... S38: =SUM('연구개발비(2세부)'!S36:S42) -> 0
E39: 소계 | F39: 1 | G39: =SUM(G34:G36) -> 0 | H39: =SUM(H34:H36) -> 0 | I39: =SUM(I34:I36) -> 0 | J39: =SUM(J34:J36) -> 0 | K39: =SUM(K34:K36) -> 0 | L39: =SUM(L34:L36) -> 0 | M39: =SUM(M34:M36) -> 0 | N39: =SUM(N34:N36) -> 0 | ... S39: =SUM(S34:S36) -> 0
F40: 2 | G40: =SUM(G37:G38) -> 0 | H40: =SUM(H37:H38) -> 0 | I40: =SUM(I37:I38) -> 0 | J40: =SUM(J37:J38) -> 0 | K40: =SUM(K37:K38) -> 0 | L40: =SUM(L37:L38) -> 0 | M40: =SUM(M37:M38) -> 0 | N40: =SUM(N37:N38) -> 0 | ... S40: =SUM(S37:S38) -> 0
D41: 연구개발 과제3 | E41: 1 | F41: 1 | G41: =SUM('연구개발비(3세부)'!G7:G13) -> 0 | H41: =SUM('연구개발비(3세부)'!H7:H13) -> 0 | I41: =SUM('연구개발비(3세부)'!I7:I13) -> 0 | J41: =SUM('연구개발비(3세부)'!J7:J13) -> 0 | K41: =SUM('연구개발비(3세부)'!K7:K13) -> 0 | L41: =SUM('연구개발비(3세부)'!L7:L13) -> 0 | M41: =SUM('연구개발비(3세부)'!M7:M13) -> 0 | N41: =SUM('연구개발비(3세부)'!N7:N13) -> 0 | ... S41: =SUM('연구개발비(3세부)'!S7:S13) -> 0
F42: 2 | G42: =SUM('연구개발비(3세부)'!G14:G20) -> 0 | H42: =SUM('연구개발비(3세부)'!H14:H20) -> 0 | I42: =SUM('연구개발비(3세부)'!I14:I20) -> 0 | J42: =SUM('연구개발비(3세부)'!J14:J20) -> 0 | K42: =SUM('연구개발비(3세부)'!K14:K20) -> 0 | L42: =SUM('연구개발비(3세부)'!L14:L20) -> 0 | M42: =SUM('연구개발비(3세부)'!M14:M20) -> 0 | N42: =SUM('연구개발비(3세부)'!N14:N20) -> 0 | ... S42: =SUM('연구개발비(3세부)'!S14:S20) -> 0
F43: 3 | G43: =SUM('연구개발비(3세부)'!G21:G27) -> 0 | H43: =SUM('연구개발비(3세부)'!H21:H27) -> 0 | I43: =SUM('연구개발비(3세부)'!I21:I27) -> 0 | J43: =SUM('연구개발비(3세부)'!J21:J27) -> 0 | K43: =SUM('연구개발비(3세부)'!K21:K27) -> 0 | L43: =SUM('연구개발비(3세부)'!L21:L27) -> 0 | M43: =SUM('연구개발비(3세부)'!M21:M27) -> 0 | N43: =SUM('연구개발비(3세부)'!N21:N27) -> 0 | ... S43: =SUM('연구개발비(3세부)'!S21:S27) -> 0
E44: 2 | F44: 1 | G44: =SUM('연구개발비(3세부)'!G21:G27) -> 0 | H44: =SUM('연구개발비(3세부)'!H21:H27) -> 0 | I44: =SUM('연구개발비(3세부)'!I21:I27) -> 0 | J44: =SUM('연구개발비(3세부)'!J21:J27) -> 0 | K44: =SUM('연구개발비(3세부)'!K21:K27) -> 0 | L44: =SUM('연구개발비(3세부)'!L21:L27) -> 0 | M44: =SUM('연구개발비(3세부)'!M21:M27) -> 0 | N44: =SUM('연구개발비(3세부)'!N21:N27) -> 0 | ... S44: =SUM('연구개발비(3세부)'!S21:S27) -> 0
F45: 2 | G45: =SUM('연구개발비(3세부)'!G36:G42) -> 0 | H45: =SUM('연구개발비(3세부)'!H36:H42) -> 0 | I45: =SUM('연구개발비(3세부)'!I36:I42) -> 0 | J45: =SUM('연구개발비(3세부)'!J36:J42) -> 0 | K45: =SUM('연구개발비(3세부)'!K36:K42) -> 0 | L45: =SUM('연구개발비(3세부)'!L36:L42) -> 0 | M45: =SUM('연구개발비(3세부)'!M36:M42) -> 0 | N45: =SUM('연구개발비(3세부)'!N36:N42) -> 0 | ... S45: =SUM('연구개발비(3세부)'!S36:S42) -> 0
E46: 소계 | F46: 1 | G46: =SUM(G41:G43) -> 0 | H46: =SUM(H41:H43) -> 0 | I46: =SUM(I41:I43) -> 0 | J46: =SUM(J41:J43) -> 0 | K46: =SUM(K41:K43) -> 0 | L46: =SUM(L41:L43) -> 0 | M46: =SUM(M41:M43) -> 0 | N46: =SUM(N41:N43) -> 0 | ... S46: =SUM(S41:S43) -> 0
F47: 2 | G47: =SUM(G44:G45) -> 0 | H47: =SUM(H44:H45) -> 0 | I47: =SUM(I44:I45) -> 0 | J47: =SUM(J44:J45) -> 0 | K47: =SUM(K44:K45) -> 0 | L47: =SUM(L44:L45) -> 0 | M47: =SUM(M44:M45) -> 0 | N47: =SUM(N44:N45) -> 0 | ... S47: =SUM(S44:S45) -> 0
D48: 연구개발 과제4 | E48: 1 | F48: 1 | G48: =SUM('연구개발비(4세부)'!G7:G13) -> 0 | H48: =SUM('연구개발비(4세부)'!H7:H13) -> 0 | I48: =SUM('연구개발비(4세부)'!I7:I13) -> 0 | J48: =SUM('연구개발비(4세부)'!J7:J13) -> 0 | K48: =SUM('연구개발비(4세부)'!K7:K13) -> 0 | L48: =SUM('연구개발비(4세부)'!L7:L13) -> 0 | M48: =SUM('연구개발비(4세부)'!M7:M13) -> 0 | N48: =SUM('연구개발비(4세부)'!N7:N13) -> 0 | ... S48: =SUM('연구개발비(4세부)'!S7:S13) -> 0
F49: 2 | G49: =SUM('연구개발비(4세부)'!G14:G20) -> 0 | H49: =SUM('연구개발비(4세부)'!H14:H20) -> 0 | I49: =SUM('연구개발비(4세부)'!I14:I20) -> 0 | J49: =SUM('연구개발비(4세부)'!J14:J20) -> 0 | K49: =SUM('연구개발비(4세부)'!K14:K20) -> 0 | L49: =SUM('연구개발비(4세부)'!L14:L20) -> 0 | M49: =SUM('연구개발비(4세부)'!M14:M20) -> 0 | N49: =SUM('연구개발비(4세부)'!N14:N20) -> 0 | ... S49: =SUM('연구개발비(4세부)'!S14:S20) -> 0
F50: 3 | G50: =SUM('연구개발비(4세부)'!G21:G27) -> 0 | H50: =SUM('연구개발비(4세부)'!H21:H27) -> 0 | I50: =SUM('연구개발비(4세부)'!I21:I27) -> 0 | J50: =SUM('연구개발비(4세부)'!J21:J27) -> 0 | K50: =SUM('연구개발비(4세부)'!K21:K27) -> 0 | L50: =SUM('연구개발비(4세부)'!L21:L27) -> 0 | M50: =SUM('연구개발비(4세부)'!M21:M27) -> 0 | N50: =SUM('연구개발비(4세부)'!N21:N27) -> 0 | ... S50: =SUM('연구개발비(4세부)'!S21:S27) -> 0
E51: 2 | F51: 1 | G51: =SUM('연구개발비(4세부)'!G21:G27) -> 0 | H51: =SUM('연구개발비(4세부)'!H21:H27) -> 0 | I51: =SUM('연구개발비(4세부)'!I21:I27) -> 0 | J51: =SUM('연구개발비(4세부)'!J21:J27) -> 0 | K51: =SUM('연구개발비(4세부)'!K21:K27) -> 0 | L51: =SUM('연구개발비(4세부)'!L21:L27) -> 0 | M51: =SUM('연구개발비(4세부)'!M21:M27) -> 0 | N51: =SUM('연구개발비(4세부)'!N21:N27) -> 0 | ... S51: =SUM('연구개발비(4세부)'!S21:S27) -> 0
F52: 2 | G52: =SUM('연구개발비(4세부)'!G36:G42) -> 0 | H52: =SUM('연구개발비(4세부)'!H36:H42) -> 0 | I52: =SUM('연구개발비(4세부)'!I36:I42) -> 0 | J52: =SUM('연구개발비(4세부)'!J36:J42) -> 0 | K52: =SUM('연구개발비(4세부)'!K36:K42) -> 0 | L52: =SUM('연구개발비(4세부)'!L36:L42) -> 0 | M52: =SUM('연구개발비(4세부)'!M36:M42) -> 0 | N52: =SUM('연구개발비(4세부)'!N36:N42) -> 0 | ... S52: =SUM('연구개발비(4세부)'!S36:S42) -> 0
E53: 소계 | F53: 1 | G53: =SUM(G48:G50) -> 0 | H53: =SUM(H48:H50) -> 0 | I53: =SUM(I48:I50) -> 0 | J53: =SUM(J48:J50) -> 0 | K53: =SUM(K48:K50) -> 0 | L53: =SUM(L48:L50) -> 0 | M53: =SUM(M48:M50) -> 0 | N53: =SUM(N48:N50) -> 0 | ... S53: =SUM(S48:S50) -> 0
F54: 2 | G54: =SUM(G51:G52) -> 0 | H54: =SUM(H51:H52) -> 0 | I54: =SUM(I51:I52) -> 0 | J54: =SUM(J51:J52) -> 0 | K54: =SUM(K51:K52) -> 0 | L54: =SUM(L51:L52) -> 0 | M54: =SUM(M51:M52) -> 0 | N54: =SUM(N51:N52) -> 0 | ... S54: =SUM(S51:S52) -> 0
B56: 4-2. 연구개발비 사용계획
U57: (단위: 천원)
D58: 연구개발기관명 | F58: 연구개발비 | U58: 연구 개발비 외 지원금 | V58: 연구 수당 계상 기준 금액
F59: 직접비 | R59: 간접비 | S59: 합계
F60: 인건비 | G60: 학생인건비 | I60: 연구시설·장비비 | K60: 연구 재료비 | L60: 위탁연구 개발비 | M60: 국제공동연구 개발비 | N60: 연구개발 부담비 | O60: 연구 활동비 | P60: 연구 수당 | Q60: 소계
G61: 일반 | H61: 특례 | I61: 일반 | J61: 특례
D62: 총괄 연구개발 과제 | E62: 현금 | F62: =F65+F68 -> 0 | G62: =G65+G68 -> 0 | H62: =H65+H68 -> 0 | I62: =I65+I68 -> 0 | J62: =J65+J68 -> 0 | K62: =K65+K68 -> 0 | L62: =L65+L68 -> 0 | M62: =M65+M68 -> 0 | ... S62: =S65+S68 -> 0 | V62: =SUM(V65:V76) -> 0
E63: 현물 | F63: =F66+F69 -> 0 | G63: =G66+G69 -> 0 | H63: =H66+H69 -> 0 | I63: =I66+I69 -> 0 | J63: =J66+J69 -> 0 | K63: =K66+K69 -> 0 | L63: =L66+L69 -> 0 | M63: =M66+M69 -> 0 | ... S63: =S66+S69 -> 0
E64: 소계 | F64: =F67+F70 -> 0 | G64: =G67+G70 -> 0 | H64: =H67+H70 -> 0 | I64: =I67+I70 -> 0 | J64: =J67+J70 -> 0 | K64: =K67+K70 -> 0 | L64: =L67+L70 -> 0 | M64: =M67+M70 -> 0 | ... S64: =S67+S70 -> 0
D65: 연구개발 과제1 | E65: 현금 | F65: ='연구개발비(1세부)'!F74 -> 0 | G65: ='연구개발비(1세부)'!G74 -> 0 | H65: ='연구개발비(1세부)'!H74 -> 0 | I65: ='연구개발비(1세부)'!I74 -> 0 | J65: ='연구개발비(1세부)'!J74 -> 0 | K65: ='연구개발비(1세부)'!K74 -> 0 | L65: ='연구개발비(1세부)'!L74 -> 0 | M65: ='연구개발비(1세부)'!M74 -> 0 | ... S65: ='연구개발비(1세부)'!S74 -> 0 | V65: ='연구개발비(1세부)'!V74
E66: 현물 | F66: ='연구개발비(1세부)'!F75 -> 0 | G66: ='연구개발비(1세부)'!G75 -> 0 | H66: ='연구개발비(1세부)'!H75 -> 0 | I66: ='연구개발비(1세부)'!I75 -> 0 | J66: ='연구개발비(1세부)'!J75 -> 0 | K66: ='연구개발비(1세부)'!K75 -> 0 | L66: ='연구개발비(1세부)'!L75 -> 0 | M66: ='연구개발비(1세부)'!M75 -> 0 | ... S66: ='연구개발비(1세부)'!S75 -> 0
E67: 소계 | F67: ='연구개발비(1세부)'!F76 -> 0 | G67: ='연구개발비(1세부)'!G76 -> 0 | H67: ='연구개발비(1세부)'!H76 -> 0 | I67: ='연구개발비(1세부)'!I76 -> 0 | J67: ='연구개발비(1세부)'!J76 -> 0 | K67: ='연구개발비(1세부)'!K76 -> 0 | L67: ='연구개발비(1세부)'!L76 -> 0 | M67: ='연구개발비(1세부)'!M76 -> 0 | ... S67: ='연구개발비(1세부)'!S76 -> 0
D68: 연구개발 과제2 | E68: 현금 | F68: ='연구개발비(2세부)'!F74 -> 0 | G68: ='연구개발비(2세부)'!G74 -> 0 | H68: ='연구개발비(2세부)'!H74 -> 0 | I68: ='연구개발비(2세부)'!I74 -> 0 | J68: ='연구개발비(2세부)'!J74 -> 0 | K68: ='연구개발비(2세부)'!K74 -> 0 | L68: ='연구개발비(2세부)'!L74 -> 0 | M68: ='연구개발비(2세부)'!M74 -> 0 | ... S68: ='연구개발비(2세부)'!S74 -> 0 | V68: ='연구개발비(2세부)'!V74
E69: 현물 | F69: ='연구개발비(2세부)'!F75 -> 0 | G69: ='연구개발비(2세부)'!G75 -> 0 | H69: ='연구개발비(2세부)'!H75 -> 0 | I69: ='연구개발비(2세부)'!I75 -> 0 | J69: ='연구개발비(2세부)'!J75 -> 0 | K69: ='연구개발비(2세부)'!K75 -> 0 | L69: ='연구개발비(2세부)'!L75 -> 0 | M69: ='연구개발비(2세부)'!M75 -> 0 | ... S69: ='연구개발비(2세부)'!S75 -> 0
E70: 소계 | F70: ='연구개발비(2세부)'!F76 -> 0 | G70: ='연구개발비(2세부)'!G76 -> 0 | H70: ='연구개발비(2세부)'!H76 -> 0 | I70: ='연구개발비(2세부)'!I76 -> 0 | J70: ='연구개발비(2세부)'!J76 -> 0 | K70: ='연구개발비(2세부)'!K76 -> 0 | L70: ='연구개발비(2세부)'!L76 -> 0 | M70: ='연구개발비(2세부)'!M76 -> 0 | ... S70: ='연구개발비(2세부)'!S76 -> 0
D71: 연구개발 과제3 | E71: 현금 | F71: ='연구개발비(3세부)'!F74 -> 0 | G71: ='연구개발비(3세부)'!G74 -> 0 | H71: ='연구개발비(3세부)'!H74 -> 0 | I71: ='연구개발비(3세부)'!I74 -> 0 | J71: ='연구개발비(3세부)'!J74 -> 0 | K71: ='연구개발비(3세부)'!K74 -> 0 | L71: ='연구개발비(3세부)'!L74 -> 0 | M71: ='연구개발비(3세부)'!M74 -> 0 | ... S71: ='연구개발비(3세부)'!S74 -> 0 | V71: ='연구개발비(3세부)'!V74
E72: 현물 | F72: ='연구개발비(3세부)'!F75 -> 0 | G72: ='연구개발비(3세부)'!G75 -> 0 | H72: ='연구개발비(3세부)'!H75 -> 0 | I72: ='연구개발비(3세부)'!I75 -> 0 | J72: ='연구개발비(3세부)'!J75 -> 0 | K72: ='연구개발비(3세부)'!K75 -> 0 | L72: ='연구개발비(3세부)'!L75 -> 0 | M72: ='연구개발비(3세부)'!M75 -> 0 | ... S72: ='연구개발비(3세부)'!S75 -> 0
E73: 소계 | F73: ='연구개발비(3세부)'!F76 -> 0 | G73: ='연구개발비(3세부)'!G76 -> 0 | H73: ='연구개발비(3세부)'!H76 -> 0 | I73: ='연구개발비(3세부)'!I76 -> 0 | J73: ='연구개발비(3세부)'!J76 -> 0 | K73: ='연구개발비(3세부)'!K76 -> 0 | L73: ='연구개발비(3세부)'!L76 -> 0 | M73: ='연구개발비(3세부)'!M76 -> 0 | ... S73: ='연구개발비(3세부)'!S76 -> 0
D74: 연구개발 과제4 | E74: 현금 | F74: ='연구개발비(4세부)'!F74 -> 0 | G74: ='연구개발비(4세부)'!G74 -> 0 | H74: ='연구개발비(4세부)'!H74 -> 0 | I74: ='연구개발비(4세부)'!I74 -> 0 | J74: ='연구개발비(4세부)'!J74 -> 0 | K74: ='연구개발비(4세부)'!K74 -> 0 | L74: ='연구개발비(4세부)'!L74 -> 0 | M74: ='연구개발비(4세부)'!M74 -> 0 | ... S74: ='연구개발비(4세부)'!S74 -> 0 | V74: ='연구개발비(4세부)'!V74
E75: 현물 | F75: ='연구개발비(4세부)'!F75 -> 0 | G75: ='연구개발비(4세부)'!G75 -> 0 | H75: ='연구개발비(4세부)'!H75 -> 0 | I75: ='연구개발비(4세부)'!I75 -> 0 | J75: ='연구개발비(4세부)'!J75 -> 0 | K75: ='연구개발비(4세부)'!K75 -> 0 | L75: ='연구개발비(4세부)'!L75 -> 0 | M75: ='연구개발비(4세부)'!M75 -> 0 | ... S75: ='연구개발비(4세부)'!S75 -> 0
E76: 소계 | F76: ='연구개발비(4세부)'!F76 -> 0 | G76: ='연구개발비(4세부)'!G76 -> 0 | H76: ='연구개발비(4세부)'!H76 -> 0 | I76: ='연구개발비(4세부)'!I76 -> 0 | J76: ='연구개발비(4세부)'!J76 -> 0 | K76: ='연구개발비(4세부)'!K76 -> 0 | L76: ='연구개발비(4세부)'!L76 -> 0 | M76: ='연구개발비(4세부)'!M76 -> 0 | ... S76: ='연구개발비(4세부)'!S76 -> 0

Sheet 연구개발비(1세부)
B2: 2-1. 연구개발비 지원.부담계획
D3: 구분 | G3: 정부지원 | H3: 기관부담 | K3: 그 외 기관 등의 지원금 | Q3: 합 계
G4: 연구개발비 | H4: 연구개발비 | K4: 지방자치단체 | N4: 기타( )
D5: 단계 | E5: 연차 | F5: 연구개발기관명 | G5: 현금 | H5: 현금 | I5: 현물 | J5: 소계 | K5: 현금 | L5: 현물 | M5: 소계 | N5: 현금 | O5: 현물 | P5: 소계 | Q5: 현금 | R5: 현물 | S5: 합계
F6: (기관역할1｣)
D7: 1 | E7: 1 | J7: =SUM(H7:I7) -> 0 | K7: 0 | L7: 0 | M7: =SUM(K7:L7) -> 0 | N7: 0 | O7: 0 | P7: =SUM(N7:O7) -> 0 | Q7: =G7+H7+K7+N7 -> 0 | R7: =I7+L7+O7 -> 0 | S7: =SUM(Q7:R7) -> 0
J8: =SUM(H8:I8) -> 0 | K8: 0 | L8: 0 | M8: =SUM(K8:L8) -> 0 | N8: 0 | O8: 0 | P8: =SUM(N8:O8) -> 0 | Q8: =G8+H8+K8+N8 -> 0 | R8: =I8+L8+O8 -> 0 | S8: =SUM(Q8:R8) -> 0
J9: =SUM(H9:I9) -> 0 | K9: 0 | L9: 0 | M9: =SUM(K9:L9) -> 0 | N9: 0 | O9: 0 | P9: =SUM(N9:O9) -> 0 | Q9: =G9+H9+K9+N9 -> 0 | R9: =I9+L9+O9 -> 0 | S9: =SUM(Q9:R9) -> 0
J10: =SUM(H10:I10) -> 0 | K10: 0 | L10: 0 | M10: =SUM(K10:L10) -> 0 | N10: 0 | O10: 0 | P10: =SUM(N10:O10) -> 0 | Q10: =G10+H10+K10+N10 -> 0 | R10: =I10+L10+O10 -> 0 | S10: =SUM(Q10:R10) -> 0
J11: =SUM(H11:I11) -> 0 | K11: 0 | L11: 0 | M11: =SUM(K11:L11) -> 0 | N11: 0 | O11: 0 | P11: =SUM(N11:O11) -> 0 | Q11: =G11+H11+K11+N11 -> 0 | R11: =I11+L11+O11 -> 0 | S11: =SUM(Q11:R11) -> 0
J12: =SUM(H12:I12) -> 0 | K12: 0 | L12: 0 | M12: =SUM(K12:L12) -> 0 | N12: 0 | O12: 0 | P12: =SUM(N12:O12) -> 0 | Q12: =G12+H12+K12+N12 -> 0 | R12: =I12+L12+O12 -> 0 | S12: =SUM(Q12:R12) -> 0
J13: =SUM(H13:I13) -> 0 | K13: 0 | L13: 0 | M13: =SUM(K13:L13) -> 0 | N13: 0 | O13: 0 | P13: =SUM(N13:O13) -> 0 | Q13: =G13+H13+K13+N13 -> 0 | R13: =I13+L13+O13 -> 0 | S13: =SUM(Q13:R13) -> 0
E14: 2 | J14: =SUM(H14:I14) -> 0 | K14: 0 | L14: 0 | M14: =SUM(K14:L14) -> 0 | N14: 0 | O14: 0 | P14: =SUM(N14:O14) -> 0 | Q14: =G14+H14+K14+N14 -> 0 | R14: =I14+L14+O14 -> 0 | S14: =SUM(Q14:R14) -> 0
J15: =SUM(H15:I15) -> 0 | K15: 0 | L15: 0 | M15: =SUM(K15:L15) -> 0 | N15: 0 | O15: 0 | P15: =SUM(N15:O15) -> 0 | Q15: =G15+H15+K15+N15 -> 0 | R15: =I15+L15+O15 -> 0 | S15: =SUM(Q15:R15) -> 0
J16: =SUM(H16:I16) -> 0 | K16: 0 | L16: 0 | M16: =SUM(K16:L16) -> 0 | N16: 0 | O16: 0 | P16: =SUM(N16:O16) -> 0 | Q16: =G16+H16+K16+N16 -> 0 | R16: =I16+L16+O16 -> 0 | S16: =SUM(Q16:R16) -> 0
J17: =SUM(H17:I17) -> 0 | K17: 0 | L17: 0 | M17: =SUM(K17:L17) -> 0 | N17: 0 | O17: 0 | P17: =SUM(N17:O17) -> 0 | Q17: =G17+H17+K17+N17 -> 0 | R17: =I17+L17+O17 -> 0 | S17: =SUM(Q17:R17) -> 0
J18: =SUM(H18:I18) -> 0 | K18: 0 | L18: 0 | M18: =SUM(K18:L18) -> 0 | N18: 0 | O18: 0 | P18: =SUM(N18:O18) -> 0 | Q18: =G18+H18+K18+N18 -> 0 | R18: =I18+L18+O18 -> 0 | S18: =SUM(Q18:R18) -> 0
J19: =SUM(H19:I19) -> 0 | K19: 0 | L19: 0 | M19: =SUM(K19:L19) -> 0 | N19: 0 | O19: 0 | P19: =SUM(N19:O19) -> 0 | Q19: =G19+H19+K19+N19 -> 0 | R19: =I19+L19+O19 -> 0 | S19: =SUM(Q19:R19) -> 0
J20: =SUM(H20:I20) -> 0 | K20: 0 | L20: 0 | M20: =SUM(K20:L20) -> 0 | N20: 0 | O20: 0 | P20: =SUM(N20:O20) -> 0 | Q20: =G20+H20+K20+N20 -> 0 | R20: =I20+L20+O20 -> 0 | S20: =SUM(Q20:R20) -> 0
E21: 3 | J21: =SUM(H21:I21) -> 0 | K21: 0 | L21: 0 | M21: =SUM(K21:L21) -> 0 | N21: 0 | O21: 0 | P21: =SUM(N21:O21) -> 0 | Q21: =G21+H21+K21+N21 -> 0 | R21: =I21+L21+O21 -> 0 | S21: =SUM(Q21:R21) -> 0
J22: =SUM(H22:I22) -> 0 | K22: 0 | L22: 0 | M22: =SUM(K22:L22) -> 0 | N22: 0 | O22: 0 | P22: =SUM(N22:O22) -> 0 | Q22: =G22+H22+K22+N22 -> 0 | R22: =I22+L22+O22 -> 0 | S22: =SUM(Q22:R22) -> 0
J23: =SUM(H23:I23) -> 0 | K23: 0 | L23: 0 | M23: =SUM(K23:L23) -> 0 | N23: 0 | O23: 0 | P23: =SUM(N23:O23) -> 0 | Q23: =G23+H23+K23+N23 -> 0 | R23: =I23+L23+O23 -> 0 | S23: =SUM(Q23:R23) -> 0
J24: =SUM(H24:I24) -> 0 | K24: 0 | L24: 0 | M24: =SUM(K24:L24) -> 0 | N24: 0 | O24: 0 | P24: =SUM(N24:O24) -> 0 | Q24: =G24+H24+K24+N24 -> 0 | R24: =I24+L24+O24 -> 0 | S24: =SUM(Q24:R24) -> 0
J25: =SUM(H25:I25) -> 0 | K25: 0 | L25: 0 | M25: =SUM(K25:L25) -> 0 | N25: 0 | O25: 0 | P25: =SUM(N25:O25) -> 0 | Q25: =G25+H25+K25+N25 -> 0 | R25: =I25+L25+O25 -> 0 | S25: =SUM(Q25:R25) -> 0
J26: =SUM(H26:I26) -> 0 | K26: 0 | L26: 0 | M26: =SUM(K26:L26) -> 0 | N26: 0 | O26: 0 | P26: =SUM(N26:O26) -> 0 | Q26: =G26+H26+K26+N26 -> 0 | R26: =I26+L26+O26 -> 0 | S26: =SUM(Q26:R26) -> 0
J27: =SUM(H27:I27) -> 0 | K27: 0 | L27: 0 | M27: =SUM(K27:L27) -> 0 | N27: 0 | O27: 0 | P27: =SUM(N27:O27) -> 0 | Q27: =G27+H27+K27+N27 -> 0 | R27: =I27+L27+O27 -> 0 | S27: =SUM(Q27:R27) -> 0
E28: 소계 | G28: =SUM(G7:G27) -> 0 | H28: =SUM(H7:H27) -> 0 | I28: =SUM(I7:I27) -> 0 | J28: =SUM(J7:J27) -> 0 | K28: =SUM(K7:K27) -> 0 | L28: =SUM(L7:L27) -> 0 | M28: =SUM(M7:M27) -> 0 | N28: =SUM(N7:N27) -> 0 | ... S28: =SUM(S7:S27) -> 0
D29: 2 | E29: 4 | J29: =SUM(H29:I29) -> 0 | K29: 0 | L29: 0 | M29: =SUM(K29:L29) -> 0 | N29: 0 | O29: 0 | P29: =SUM(N29:O29) -> 0 | Q29: =G29+H29+K29+N29 -> 0 | R29: =I29+L29+O29 -> 0 | S29: =SUM(Q29:R29) -> 0
J30: =SUM(H30:I30) -> 0 | K30: 0 | L30: 0 | M30: =SUM(K30:L30) -> 0 | N30: 0 | O30: 0 | P30: =SUM(N30:O30) -> 0 | Q30: =G30+H30+K30+N30 -> 0 | R30: =I30+L30+O30 -> 0 | S30: =SUM(Q30:R30) -> 0
J31: =SUM(H31:I31) -> 0 | K31: 0 | L31: 0 | M31: =SUM(K31:L31) -> 0 | N31: 0 | O31: 0 | P31: =SUM(N31:O31) -> 0 | Q31: =G31+H31+K31+N31 -> 0 | R31: =I31+L31+O31 -> 0 | S31: =SUM(Q31:R31) -> 0
J32: =SUM(H32:I32) -> 0 | K32: 0 | L32: 0 | M32: =SUM(K32:L32) -> 0 | N32: 0 | O32: 0 | P32: =SUM(N32:O32) -> 0 | Q32: =G32+H32+K32+N32 -> 0 | R32: =I32+L32+O32 -> 0 | S32: =SUM(Q32:R32) -> 0
J33: =SUM(H33:I33) -> 0 | K33: 0 | L33: 0 | M33: =SUM(K33:L33) -> 0 | N33: 0 | O33: 0 | P33: =SUM(N33:O33) -> 0 | Q33: =G33+H33+K33+N33 -> 0 | R33: =I33+L33+O33 -> 0 | S33: =SUM(Q33:R33) -> 0
J34: =SUM(H34:I34) -> 0 | K34: 0 | L34: 0 | M34: =SUM(K34:L34) -> 0 | N34: 0 | O34: 0 | P34: =SUM(N34:O34) -> 0 | Q34: =G34+H34+K34+N34 -> 0 | R34: =I34+L34+O34 -> 0 | S34: =SUM(Q34:R34) -> 0
J35: =SUM(H35:I35) -> 0 | K35: 0 | L35: 0 | M35: =SUM(K35:L35) -> 0 | N35: 0 | O35: 0 | P35: =SUM(N35:O35) -> 0 | Q35: =G35+H35+K35+N35 -> 0 | R35: =I35+L35+O35 -> 0 | S35: =SUM(Q35:R35) -> 0
E36: 5 | J36: =SUM(H36:I36) -> 0 | K36: 0 | L36: 0 | M36: =SUM(K36:L36) -> 0 | N36: 0 | O36: 0 | P36: =SUM(N36:O36) -> 0 | Q36: =G36+H36+K36+N36 -> 0 | R36: =I36+L36+O36 -> 0 | S36: =SUM(Q36:R36) -> 0
J37: =SUM(H37:I37) -> 0 | K37: 0 | L37: 0 | M37: =SUM(K37:L37) -> 0 | N37: 0 | O37: 0 | P37: =SUM(N37:O37) -> 0 | Q37: =G37+H37+K37+N37 -> 0 | R37: =I37+L37+O37 -> 0 | S37: =SUM(Q37:R37) -> 0
J38: =SUM(H38:I38) -> 0 | K38: 0 | L38: 0 | M38: =SUM(K38:L38) -> 0 | N38: 0 | O38: 0 | P38: =SUM(N38:O38) -> 0 | Q38: =G38+H38+K38+N38 -> 0 | R38: =I38+L38+O38 -> 0 | S38: =SUM(Q38:R38) -> 0
J39: =SUM(H39:I39) -> 0 | K39: 0 | L39: 0 | M39: =SUM(K39:L39) -> 0 | N39: 0 | O39: 0 | P39: =SUM(N39:O39) -> 0 | Q39: =G39+H39+K39+N39 -> 0 | R39: =I39+L39+O39 -> 0 | S39: =SUM(Q39:R39) -> 0
J40: =SUM(H40:I40) -> 0 | K40: 0 | L40: 0 | M40: =SUM(K40:L40) -> 0 | N40: 0 | O40: 0 | P40: =SUM(N40:O40) -> 0 | Q40: =G40+H40+K40+N40 -> 0 | R40: =I40+L40+O40 -> 0 | S40: =SUM(Q40:R40) -> 0
J41: =SUM(H41:I41) -> 0 | K41: 0 | L41: 0 | M41: =SUM(K41:L41) -> 0 | N41: 0 | O41: 0 | P41: =SUM(N41:O41) -> 0 | Q41: =G41+H41+K41+N41 -> 0 | R41: =I41+L41+O41 -> 0 | S41: =SUM(Q41:R41) -> 0
J42: =SUM(H42:I42) -> 0 | K42: 0 | L42: 0 | M42: =SUM(K42:L42) -> 0 | N42: 0 | O42: 0 | P42: =SUM(N42:O42) -> 0 | Q42: =G42+H42+K42+N42 -> 0 | R42: =I42+L42+O42 -> 0 | S42: =SUM(Q42:R42) -> 0
E43: 소계 | G43: =SUM(G29:G42) -> 0 | H43: =SUM(H29:H42) -> 0 | I43: =SUM(I29:I42) -> 0 | J43: =SUM(J29:J42) -> 0 | K43: =SUM(K29:K42) -> 0 | L43: =SUM(L29:L42) -> 0 | M43: =SUM(M29:M42) -> 0 | N43: =SUM(N29:N42) -> 0 | ... S43: =SUM(S29:S42) -> 0
D44: 총계 | G44: =G28+G43 -> 0 | H44: =H28+H43 -> 0 | I44: =I28+I43 -> 0 | J44: =J28+J43 -> 0 | K44: =K28+K43 -> 0 | L44: =L28+L43 -> 0 | M44: =M28+M43 -> 0 | N44: =N28+N43 -> 0 | ... S44: =S28+S43 -> 0
B46: 2-2. 연구개발비 사용계획
C47: 2-2-1. 연차개발기관별 사용계획
U48: (단위: 천원)
D49: 연구개발기관명 | F49: 연구개발비 | U49: 연구 개발비 외 지원금 | V49: 연구 수당 계상 기준 금액
F50: 직접비 | R50: 간접비 | S50: 합계
F51: 인건비 | G51: 학생인건비 | I51: 연구시설·장비비 | K51: 연구 재료비 | L51: 위탁연구 개발비 | M51: 국제공동연구 개발비 | N51: 연구개발 부담비 | O51: 연구 활동비 | P51: 연구 수당 | Q51: 소계
G52: 일반 | H52: 특례 | I52: 일반 | J52: 특례
E53: 현금 | F53: =F125 -> 0 | G53: =G125 -> 0 | H53: =H125 -> 0 | I53: =I125 -> 0 | J53: =J125 -> 0 | K53: =K125 -> 0 | L53: =L125 -> 0 | M53: =M125 -> 0 | ... S53: =S125 -> 0
E54: 현물 | F54: =F126 -> 0 | G54: =G126 -> 0 | H54: =H126 -> 0 | I54: =I126 -> 0 | J54: =J126 -> 0 | K54: =K126 -> 0 | L54: =L126 -> 0 | M54: =M126 -> 0 | ... S54: =S126 -> 0
E55: 소계 | F55: =F127 -> 0 | G55: =G127 -> 0 | H55: =H127 -> 0 | I55: =I127 -> 0 | J55: =J127 -> 0 | K55: =K127 -> 0 | L55: =L127 -> 0 | M55: =M127 -> 0 | ... S55: =S127 -> 0
E56: 현금 | F56: =F150 -> 0 | G56: =G150 -> 0 | H56: =H150 -> 0 | I56: =I150 -> 0 | J56: =J150 -> 0 | K56: =K150 -> 0 | L56: =L150 -> 0 | M56: =M150 -> 0 | ... S56: =S150 -> 0
E57: 현물 | F57: =F151 -> 0 | G57: =G151 -> 0 | H57: =H151 -> 0 | I57: =I151 -> 0 | J57: =J151 -> 0 | K57: =K151 -> 0 | L57: =L151 -> 0 | M57: =M151 -> 0 | ... S57: =S151 -> 0
E58: 소계 | F58: =F152 -> 0 | G58: =G152 -> 0 | H58: =H152 -> 0 | I58: =I152 -> 0 | J58: =J152 -> 0 | K58: =K152 -> 0 | L58: =L152 -> 0 | M58: =M152 -> 0 | ... S58: =S152 -> 0
E59: 현금 | F59: =F175 -> 0 | G59: =G175 -> 0 | H59: =H175 -> 0 | I59: =I175 -> 0 | J59: =J175 -> 0 | K59: =K175 -> 0 | L59: =L175 -> 0 | M59: =M175 -> 0 | ... S59: =S175 -> 0
E60: 현물 | F60: =F176 -> 0 | G60: =G176 -> 0 | H60: =H176 -> 0 | I60: =I176 -> 0 | J60: =J176 -> 0 | K60: =K176 -> 0 | L60: =L176 -> 0 | M60: =M176 -> 0 | ... S60: =S176 -> 0
E61: 소계 | F61: =F177 -> 0 | G61: =G177 -> 0 | H61: =H177 -> 0 | I61: =I177 -> 0 | J61: =J177 -> 0 | K61: =K177 -> 0 | L61: =L177 -> 0 | M61: =M177 -> 0 | ... S61: =S177 -> 0
E62: 현금 | F62: =F200 -> 0 | G62: =G200 -> 0 | H62: =H200 -> 0 | I62: =I200 -> 0 | J62: =J200 -> 0 | K62: =K200 -> 0 | L62: =L200 -> 0 | M62: =M200 -> 0 | ... S62: =S200 -> 0
E63: 현물 | F63: =F201 -> 0 | G63: =G201 -> 0 | H63: =H201 -> 0 | I63: =I201 -> 0 | J63: =J201 -> 0 | K63: =K201 -> 0 | L63: =L201 -> 0 | M63: =M201 -> 0 | ... S63: =S201 -> 0
E64: 소계 | F64: =F202 -> 0 | G64: =G202 -> 0 | H64: =H202 -> 0 | I64: =I202 -> 0 | J64: =J202 -> 0 | K64: =K202 -> 0 | L64: =L202 -> 0 | M64: =M202 -> 0 | ... S64: =S202 -> 0
E65: 현금 | F65: =F225 -> 0 | G65: =G225 -> 0 | H65: =H225 -> 0 | I65: =I225 -> 0 | J65: =J225 -> 0 | K65: =K225 -> 0 | L65: =L225 -> 0 | M65: =M225 -> 0 | ... S65: =S225 -> 0
E66: 현물 | F66: =F226 -> 0 | G66: =G226 -> 0 | H66: =H226 -> 0 | I66: =I226 -> 0 | J66: =J226 -> 0 | K66: =K226 -> 0 | L66: =L226 -> 0 | M66: =M226 -> 0 | ... S66: =S226 -> 0
E67: 소계 | F67: =F227 -> 0 | G67: =G227 -> 0 | H67: =H227 -> 0 | I67: =I227 -> 0 | J67: =J227 -> 0 | K67: =K227 -> 0 | L67: =L227 -> 0 | M67: =M227 -> 0 | ... S67: =S227 -> 0
E68: 현금 | F68: =F250 -> 0 | G68: =G250 -> 0 | H68: =H250 -> 0 | I68: =I250 -> 0 | J68: =J250 -> 0 | K68: =K250 -> 0 | L68: =L250 -> 0 | M68: =M250 -> 0 | ... S68: =S250 -> 0
E69: 현물 | F69: =F251 -> 0 | G69: =G251 -> 0 | H69: =H251 -> 0 | I69: =I251 -> 0 | J69: =J251 -> 0 | K69: =K251 -> 0 | L69: =L251 -> 0 | M69: =M251 -> 0 | ... S69: =S251 -> 0
E70: 소계 | F70: =F252 -> 0 | G70: =G252 -> 0 | H70: =H252 -> 0 | I70: =I252 -> 0 | J70: =J252 -> 0 | K70: =K252 -> 0 | L70: =L252 -> 0 | M70: =M252 -> 0 | ... S70: =S252 -> 0
E71: 현금 | F71: =F275 -> 0 | G71: =G275 -> 0 | H71: =H275 -> 0 | I71: =I275 -> 0 | J71: =J275 -> 0 | K71: =K275 -> 0 | L71: =L275 -> 0 | M71: =M275 -> 0 | ... S71: =S275 -> 0
E72: 현물 | F72: =F276 -> 0 | G72: =G276 -> 0 | H72: =H276 -> 0 | I72: =I276 -> 0 | J72: =J276 -> 0 | K72: =K276 -> 0 | L72: =L276 -> 0 | M72: =M276 -> 0 | ... S72: =S276 -> 0
E73: 소계 | F73: =F277 -> 0 | G73: =G277 -> 0 | H73: =H277 -> 0 | I73: =I277 -> 0 | J73: =J277 -> 0 | K73: =K277 -> 0 | L73: =L277 -> 0 | M73: =M277 -> 0 | ... S73: =S277 -> 0
D74: 총계 | E74: 현금 | F74: =F53+F56+F59+F62+F65+F68+F71 -> 0 | G74: =G53+G56+G59+G62+G65+G68+G71 -> 0 | H74: =H53+H56+H59+H62+H65+H68+H71 -> 0 | I74: =I53+I56+I59+I62+I65+I68+I71 -> 0 | J74: =J53+J56+J59+J62+J65+J68+J71 -> 0 | K74: =K53+K56+K59+K62+K65+K68+K71 -> 0 | L74: =L53+L56+L59+L62+L65+L68+L71 -> 0 | M74: =M53+M56+M59+M62+M65+M68+M71 -> 0 | ... S74: =S53+S56+S59+S62+S65+S68+S71 -> 0
E75: 현물 | F75: =F54+F57+F60+F63+F66+F69+F72 -> 0 | G75: =G54+G57+G60+G63+G66+G69+G72 -> 0 | H75: =H54+H57+H60+H63+H66+H69+H72 -> 0 | I75: =I54+I57+I60+I63+I66+I69+I72 -> 0 | J75: =J54+J57+J60+J63+J66+J69+J72 -> 0 | K75: =K54+K57+K60+K63+K66+K69+K72 -> 0 | L75: =L54+L57+L60+L63+L66+L69+L72 -> 0 | M75: =M54+M57+M60+M63+M66+M69+M72 -> 0 | ... S75: =S54+S57+S60+S63+S66+S69+S72 -> 0
E76: 합계 | F76: =F55+F58+F61+F64+F67+F70+F73 -> 0 | G76: =G55+G58+G61+G64+G67+G70+G73 -> 0 | H76: =H55+H58+H61+H64+H67+H70+H73 -> 0 | I76: =I55+I58+I61+I64+I67+I70+I73 -> 0 | J76: =J55+J58+J61+J64+J67+J70+J73 -> 0 | K76: =K55+K58+K61+K64+K67+K70+K73 -> 0 | L76: =L55+L58+L61+L64+L67+L70+L73 -> 0 | M76: =M55+M58+M61+M64+M67+M70+M73 -> 0 | ... S76: =S55+S58+S61+S64+S67+S70+S73 -> 0
C78: 2-2-2. 연차별 사용계획
U79: (단위: 천원)
D80: 연차 | F80: 연구개발비 | U80: 연구 개발비 외 지원금 | V80: 연구 수당 계상 기준 금액
F81: 직접비 | R81: 간접비 | S81: 합계
F82: 인건비 | G82: 학생인건비 | I82: 연구시설·장비비 | K82: 연구 재료비 | L82: 위탁연구 개발비 | M82: 국제공동연구 개발비 | N82: 연구개발 부담비 | O82: 연구 활동비 | P82: 연구 수당 | Q82: 소계
G83: 일반 | H83: 특례 | I83: 일반 | J83: 특례
D84: 1 | E84: 현금 | F84: =F110+F135+F160+F185+F210+F235+F260 -> 0 | G84: =G110+G135+G160+G185+G210+G235+G260 -> 0 | H84: =H110+H135+H160+H185+H210+H235+H260 -> 0 | I84: =I110+I135+I160+I185+I210+I235+I260 -> 0 | J84: =J110+J135+J160+J185+J210+J235+J260 -> 0 | K84: =K110+K135+K160+K185+K210+K235+K260 -> 0 | L84: =L110+L135+L160+L185+L210+L235+L260 -> 0 | M84: =M110+M135+M160+M185+M210+M235+M260 -> 0 | ... S84: =S110+S135+S160+S185+S210+S235+S260 -> 0
E85: 현물 | F85: =F111+F136+F161+F186+F211+F236+F261 -> 0 | G85: =G111+G136+G161+G186+G211+G236+G261 -> 0 | H85: =H111+H136+H161+H186+H211+H236+H261 -> 0 | I85: =I111+I136+I161+I186+I211+I236+I261 -> 0 | J85: =J111+J136+J161+J186+J211+J236+J261 -> 0 | K85: =K111+K136+K161+K186+K211+K236+K261 -> 0 | L85: =L111+L136+L161+L186+L211+L236+L261 -> 0 | M85: =M111+M136+M161+M186+M211+M236+M261 -> 0 | ... S85: =S111+S136+S161+S186+S211+S236+S261 -> 0
E86: 소계 | F86: =F112+F137+F162+F187+F212+F237+F262 -> 0 | G86: =G112+G137+G162+G187+G212+G237+G262 -> 0 | H86: =H112+H137+H162+H187+H212+H237+H262 -> 0 | I86: =I112+I137+I162+I187+I212+I237+I262 -> 0 | J86: =J112+J137+J162+J187+J212+J237+J262 -> 0 | K86: =K112+K137+K162+K187+K212+K237+K262 -> 0 | L86: =L112+L137+L162+L187+L212+L237+L262 -> 0 | M86: =M112+M137+M162+M187+M212+M237+M262 -> 0 | ... S86: =S112+S137+S162+S187+S212+S237+S262 -> 0
D87: 2 | E87: 현금 | F87: =F113+F138+F163+F188+F213+F238+F263 -> 0 | G87: =G113+G138+G163+G188+G213+G238+G263 -> 0 | H87: =H113+H138+H163+H188+H213+H238+H263 -> 0 | I87: =I113+I138+I163+I188+I213+I238+I263 -> 0 | J87: =J113+J138+J163+J188+J213+J238+J263 -> 0 | K87: =K113+K138+K163+K188+K213+K238+K263 -> 0 | L87: =L113+L138+L163+L188+L213+L238+L263 -> 0 | M87: =M113+M138+M163+M188+M213+M238+M263 -> 0 | ... S87: =S113+S138+S163+S188+S213+S238+S263 -> 0
E88: 현물 | F88: =F114+F139+F164+F189+F214+F239+F264 -> 0 | G88: =G114+G139+G164+G189+G214+G239+G264 -> 0 | H88: =H114+H139+H164+H189+H214+H239+H264 -> 0 | I88: =I114+I139+I164+I189+I214+I239+I264 -> 0 | J88: =J114+J139+J164+J189+J214+J239+J264 -> 0 | K88: =K114+K139+K164+K189+K214+K239+K264 -> 0 | L88: =L114+L139+L164+L189+L214+L239+L264 -> 0 | M88: =M114+M139+M164+M189+M214+M239+M264 -> 0 | ... S88: =S114+S139+S164+S189+S214+S239+S264 -> 0
E89: 소계 | F89: =F115+F140+F165+F190+F215+F240+F265 -> 0 | G89: =G115+G140+G165+G190+G215+G240+G265 -> 0 | H89: =H115+H140+H165+H190+H215+H240+H265 -> 0 | I89: =I115+I140+I165+I190+I215+I240+I265 -> 0 | J89: =J115+J140+J165+J190+J215+J240+J265 -> 0 | K89: =K115+K140+K165+K190+K215+K240+K265 -> 0 | L89: =L115+L140+L165+L190+L215+L240+L265 -> 0 | M89: =M115+M140+M165+M190+M215+M240+M265 -> 0 | ... S89: =S115+S140+S165+S190+S215+S240+S265 -> 0
D90: 3 | E90: 현금 | F90: =F116+F141+F166+F191+F216+F241+F266 -> 0 | G90: =G116+G141+G166+G191+G216+G241+G266 -> 0 | H90: =H116+H141+H166+H191+H216+H241+H266 -> 0 | I90: =I116+I141+I166+I191+I216+I241+I266 -> 0 | J90: =J116+J141+J166+J191+J216+J241+J266 -> 0 | K90: =K116+K141+K166+K191+K216+K241+K266 -> 0 | L90: =L116+L141+L166+L191+L216+L241+L266 -> 0 | M90: =M116+M141+M166+M191+M216+M241+M266 -> 0 | ... S90: =S116+S141+S166+S191+S216+S241+S266 -> 0
E91: 현물 | F91: =F117+F142+F167+F192+F217+F242+F267 -> 0 | G91: =G117+G142+G167+G192+G217+G242+G267 -> 0 | H91: =H117+H142+H167+H192+H217+H242+H267 -> 0 | I91: =I117+I142+I167+I192+I217+I242+I267 -> 0 | J91: =J117+J142+J167+J192+J217+J242+J267 -> 0 | K91: =K117+K142+K167+K192+K217+K242+K267 -> 0 | L91: =L117+L142+L167+L192+L217+L242+L267 -> 0 | M91: =M117+M142+M167+M192+M217+M242+M267 -> 0 | ... S91: =S117+S142+S167+S192+S217+S242+S267 -> 0
E92: 소계 | F92: =F118+F143+F168+F193+F218+F243+F268 -> 0 | G92: =G118+G143+G168+G193+G218+G243+G268 -> 0 | H92: =H118+H143+H168+H193+H218+H243+H268 -> 0 | I92: =I118+I143+I168+I193+I218+I243+I268 -> 0 | J92: =J118+J143+J168+J193+J218+J243+J268 -> 0 | K92: =K118+K143+K168+K193+K218+K243+K268 -> 0 | L92: =L118+L143+L168+L193+L218+L243+L268 -> 0 | M92: =M118+M143+M168+M193+M218+M243+M268 -> 0 | ... S92: =S118+S143+S168+S193+S218+S243+S268 -> 0
D93: 4 | E93: 현금 | F93: =F119+F144+F169+F194+F219+F244+F269 -> 0 | G93: =G119+G144+G169+G194+G219+G244+G269 -> 0 | H93: =H119+H144+H169+H194+H219+H244+H269 -> 0 | I93: =I119+I144+I169+I194+I219+I244+I269 -> 0 | J93: =J119+J144+J169+J194+J219+J244+J269 -> 0 | K93: =K119+K144+K169+K194+K219+K244+K269 -> 0 | L93: =L119+L144+L169+L194+L219+L244+L269 -> 0 | M93: =M119+M144+M169+M194+M219+M244+M269 -> 0 | ... S93: =S119+S144+S169+S194+S219+S244+S269 -> 0
E94: 현물 | F94: =F120+F145+F170+F195+F220+F245+F270 -> 0 | G94: =G120+G145+G170+G195+G220+G245+G270 -> 0 | H94: =H120+H145+H170+H195+H220+H245+H270 -> 0 | I94: =I120+I145+I170+I195+I220+I245+I270 -> 0 | J94: =J120+J145+J170+J195+J220+J245+J270 -> 0 | K94: =K120+K145+K170+K195+K220+K245+K270 -> 0 | L94: =L120+L145+L170+L195+L220+L245+L270 -> 0 | M94: =M120+M145+M170+M195+M220+M245+M270 -> 0 | ... S94: =S120+S145+S170+S195+S220+S245+S270 -> 0
E95: 소계 | F95: =F121+F146+F171+F196+F221+F246+F271 -> 0 | G95: =G121+G146+G171+G196+G221+G246+G271 -> 0 | H95: =H121+H146+H171+H196+H221+H246+H271 -> 0 | I95: =I121+I146+I171+I196+I221+I246+I271 -> 0 | J95: =J121+J146+J171+J196+J221+J246+J271 -> 0 | K95: =K121+K146+K171+K196+K221+K246+K271 -> 0 | L95: =L121+L146+L171+L196+L221+L246+L271 -> 0 | M95: =M121+M146+M171+M196+M221+M246+M271 -> 0 | ... S95: =S121+S146+S171+S196+S221+S246+S271 -> 0
D96: 5 | E96: 현금 | F96: =F122+F147+F172+F197+F222+F247+F272 -> 0 | G96: =G122+G147+G172+G197+G222+G247+G272 -> 0 | H96: =H122+H147+H172+H197+H222+H247+H272 -> 0 | I96: =I122+I147+I172+I197+I222+I247+I272 -> 0 | J96: =J122+J147+J172+J197+J222+J247+J272 -> 0 | K96: =K122+K147+K172+K197+K222+K247+K272 -> 0 | L96: =L122+L147+L172+L197+L222+L247+L272 -> 0 | M96: =M122+M147+M172+M197+M222+M247+M272 -> 0 | ... S96: =S122+S147+S172+S197+S222+S247+S272 -> 0
E97: 현물 | F97: =F123+F148+F173+F198+F223+F248+F273 -> 0 | G97: =G123+G148+G173+G198+G223+G248+G273 -> 0 | H97: =H123+H148+H173+H198+H223+H248+H273 -> 0 | I97: =I123+I148+I173+I198+I223+I248+I273 -> 0 | J97: =J123+J148+J173+J198+J223+J248+J273 -> 0 | K97: =K123+K148+K173+K198+K223+K248+K273 -> 0 | L97: =L123+L148+L173+L198+L223+L248+L273 -> 0 | M97: =M123+M148+M173+M198+M223+M248+M273 -> 0 | ... S97: =S123+S148+S173+S198+S223+S248+S273 -> 0
E98: 소계 | F98: =F124+F149+F174+F199+F224+F249+F274 -> 0 | G98: =G124+G149+G174+G199+G224+G249+G274 -> 0 | H98: =H124+H149+H174+H199+H224+H249+H274 -> 0 | I98: =I124+I149+I174+I199+I224+I249+I274 -> 0 | J98: =J124+J149+J174+J199+J224+J249+J274 -> 0 | K98: =K124+K149+K174+K199+K224+K249+K274 -> 0 | L98: =L124+L149+L174+L199+L224+L249+L274 -> 0 | M98: =M124+M149+M174+M199+M224+M249+M274 -> 0 | ... S98: =S124+S149+S174+S199+S224+S249+S274 -> 0
D99: 총계 | E99: 현금 | F99: =F125+F150+F175+F200+F225+F250+F275 -> 0 | G99: =G125+G150+G175+G200+G225+G250+G275 -> 0 | H99: =H125+H150+H175+H200+H225+H250+H275 -> 0 | I99: =I125+I150+I175+I200+I225+I250+I275 -> 0 | J99: =J125+J150+J175+J200+J225+J250+J275 -> 0 | K99: =K125+K150+K175+K200+K225+K250+K275 -> 0 | L99: =L125+L150+L175+L200+L225+L250+L275 -> 0 | M99: =M125+M150+M175+M200+M225+M250+M275 -> 0 | ... S99: =S125+S150+S175+S200+S225+S250+S275 -> 0
E100: 현물 | F100: =F126+F151+F176+F201+F226+F251+F276 -> 0 | G100: =G126+G151+G176+G201+G226+G251+G276 -> 0 | H100: =H126+H151+H176+H201+H226+H251+H276 -> 0 | I100: =I126+I151+I176+I201+I226+I251+I276 -> 0 | J100: =J126+J151+J176+J201+J226+J251+J276 -> 0 | K100: =K126+K151+K176+K201+K226+K251+K276 -> 0 | L100: =L126+L151+L176+L201+L226+L251+L276 -> 0 | M100: =M126+M151+M176+M201+M226+M251+M276 -> 0 | ... S100: =S126+S151+S176+S201+S226+S251+S276 -> 0
E101: 합계 | F101: =F127+F152+F177+F202+F227+F252+F277 -> 0 | G101: =G127+G152+G177+G202+G227+G252+G277 -> 0 | H101: =H127+H152+H177+H202+H227+H252+H277 -> 0 | I101: =I127+I152+I177+I202+I227+I252+I277 -> 0 | J101: =J127+J152+J177+J202+J227+J252+J277 -> 0 | K101: =K127+K152+K177+K202+K227+K252+K277 -> 0 | L101: =L127+L152+L177+L202+L227+L252+L277 -> 0 | M101: =M127+M152+M177+M202+M227+M252+M277 -> 0 | ... S101: =S127+S152+S177+S202+S227+S252+S277 -> 0
C103: 2-2-3. 연구개발기관별-연차별 사용계획
D104: 가. 공동연구개발기관명 :
...

Sheet 연구개발비(2세부)
B2: 2-1. 연구개발비 지원.부담계획
D3: 구분 | G3: 정부지원 | H3: 기관부담 | K3: 그 외 기관 등의 지원금 | Q3: 합 계
G4: 연구개발비 | H4: 연구개발비 | K4: 지방자치단체 | N4: 기타( )
D5: 단계 | E5: 연차 | F5: 연구개발기관명 | G5: 현금 | H5: 현금 | I5: 현물 | J5: 소계 | K5: 현금 | L5: 현물 | M5: 소계 | N5: 현금 | O5: 현물 | P5: 소계 | Q5: 현금 | R5: 현물 | S5: 합계
F6: (기관역할1｣)
D7: 1 | E7: 1 | J7: =SUM(H7:I7) -> 0 | K7: 0 | L7: 0 | M7: =SUM(K7:L7) -> 0 | N7: 0 | O7: 0 | P7: =SUM(N7:O7) -> 0 | Q7: =G7+H7+K7+N7 -> 0 | R7: =I7+L7+O7 -> 0 | S7: =SUM(Q7:R7) -> 0
J8: =SUM(H8:I8) -> 0 | K8: 0 | L8: 0 | M8: =SUM(K8:L8) -> 0 | N8: 0 | O8: 0 | P8: =SUM(N8:O8) -> 0 | Q8: =G8+H8+K8+N8 -> 0 | R8: =I8+L8+O8 -> 0 | S8: =SUM(Q8:R8) -> 0
J9: =SUM(H9:I9) -> 0 | K9: 0 | L9: 0 | M9: =SUM(K9:L9) -> 0 | N9: 0 | O9: 0 | P9: =SUM(N9:O9) -> 0 | Q9: =G9+H9+K9+N9 -> 0 | R9: =I9+L9+O9 -> 0 | S9: =SUM(Q9:R9) -> 0
J10: =SUM(H10:I10) -> 0 | K10: 0 | L10: 0 | M10: =SUM(K10:L10) -> 0 | N10: 0 | O10: 0 | P10: =SUM(N10:O10) -> 0 | Q10: =G10+H10+K10+N10 -> 0 | R10: =I10+L10+O10 -> 0 | S10: =SUM(Q10:R10) -> 0
J11: =SUM(H11:I11) -> 0 | K11: 0 | L11: 0 | M11: =SUM(K11:L11) -> 0 | N11: 0 | O11: 0 | P11: =SUM(N11:O11) -> 0 | Q11: =G11+H11+K11+N11 -> 0 | R11: =I11+L11+O11 -> 0 | S11: =SUM(Q11:R11) -> 0
J12: =SUM(H12:I12) -> 0 | K12: 0 | L12: 0 | M12: =SUM(K12:L12) -> 0 | N12: 0 | O12: 0 | P12: =SUM(N12:O12) -> 0 | Q12: =G12+H12+K12+N12 -> 0 | R12: =I12+L12+O12 -> 0 | S12: =SUM(Q12:R12) -> 0
J13: =SUM(H13:I13) -> 0 | K13: 0 | L13: 0 | M13: =SUM(K13:L13) -> 0 | N13: 0 | O13: 0 | P13: =SUM(N13:O13) -> 0 | Q13: =G13+H13+K13+N13 -> 0 | R13: =I13+L13+O13 -> 0 | S13: =SUM(Q13:R13) -> 0
E14: 2 | J14: =SUM(H14:I14) -> 0 | K14: 0 | L14: 0 | M14: =SUM(K14:L14) -> 0 | N14: 0 | O14: 0 | P14: =SUM(N14:O14) -> 0 | Q14: =G14+H14+K14+N14 -> 0 | R14: =I14+L14+O14 -> 0 | S14: =SUM(Q14:R14) -> 0
J15: =SUM(H15:I15) -> 0 | K15: 0 | L15: 0 | M15: =SUM(K15:L15) -> 0 | N15: 0 | O15: 0 | P15: =SUM(N15:O15) -> 0 | Q15: =G15+H15+K15+N15 -> 0 | R15: =I15+L15+O15 -> 0 | S15: =SUM(Q15:R15) -> 0
J16: =SUM(H16:I16) -> 0 | K16: 0 | L16: 0 | M16: =SUM(K16:L16) -> 0 | N16: 0 | O16: 0 | P16: =SUM(N16:O16) -> 0 | Q16: =G16+H16+K16+N16 -> 0 | R16: =I16+L16+O16 -> 0 | S16: =SUM(Q16:R16) -> 0
J17: =SUM(H17:I17) -> 0 | K17: 0 | L17: 0 | M17: =SUM(K17:L17) -> 0 | N17: 0 | O17: 0 | P17: =SUM(N17:O17) -> 0 | Q17: =G17+H17+K17+N17 -> 0 | R17: =I17+L17+O17 -> 0 | S17: =SUM(Q17:R17) -> 0
J18: =SUM(H18:I18) -> 0 | K18: 0 | L18: 0 | M18: =SUM(K18:L18) -> 0 | N18: 0 | O18: 0 | P18: =SUM(N18:O18) -> 0 | Q18: =G18+H18+K18+N18 -> 0 | R18: =I18+L18+O18 -> 0 | S18: =SUM(Q18:R18) -> 0
J19: =SUM(H19:I19) -> 0 | K19: 0 | L19: 0 | M19: =SUM(K19:L19) -> 0 | N19: 0 | O19: 0 | P19: =SUM(N19:O19) -> 0 | Q19: =G19+H19+K19+N19 -> 0 | R19: =I19+L19+O19 -> 0 | S19: =SUM(Q19:R19) -> 0
J20: =SUM(H20:I20) -> 0 | K20: 0 | L20: 0 | M20: =SUM(K20:L20) -> 0 | N20: 0 | O20: 0 | P20: =SUM(N20:O20) -> 0 | Q20: =G20+H20+K20+N20 -> 0 | R20: =I20+L20+O20 -> 0 | S20: =SUM(Q20:R20) -> 0
E21: 3 | J21: =SUM(H21:I21) -> 0 | K21: 0 | L21: 0 | M21: =SUM(K21:L21) -> 0 | N21: 0 | O21: 0 | P21: =SUM(N21:O21) -> 0 | Q21: =G21+H21+K21+N21 -> 0 | R21: =I21+L21+O21 -> 0 | S21: =SUM(Q21:R21) -> 0
J22: =SUM(H22:I22) -> 0 | K22: 0 | L22: 0 | M22: =SUM(K22:L22) -> 0 | N22: 0 | O22: 0 | P22: =SUM(N22:O22) -> 0 | Q22: =G22+H22+K22+N22 -> 0 | R22: =I22+L22+O22 -> 0 | S22: =SUM(Q22:R22) -> 0
J23: =SUM(H23:I23) -> 0 | K23: 0 | L23: 0 | M23: =SUM(K23:L23) -> 0 | N23: 0 | O23: 0 | P23: =SUM(N23:O23) -> 0 | Q23: =G23+H23+K23+N23 -> 0 | R23: =I23+L23+O23 -> 0 | S23: =SUM(Q23:R23) -> 0
J24: =SUM(H24:I24) -> 0 | K24: 0 | L24: 0 | M24: =SUM(K24:L24) -> 0 | N24: 0 | O24: 0 | P24: =SUM(N24:O24) -> 0 | Q24: =G24+H24+K24+N24 -> 0 | R24: =I24+L24+O24 -> 0 | S24: =SUM(Q24:R24) -> 0
J25: =SUM(H25:I25) -> 0 | K25: 0 | L25: 0 | M25: =SUM(K25:L25) -> 0 | N25: 0 | O25: 0 | P25: =SUM(N25:O25) -> 0 | Q25: =G25+H25+K25+N25 -> 0 | R25: =I25+L25+O25 -> 0 | S25: =SUM(Q25:R25) -> 0
J26: =SUM(H26:I26) -> 0 | K26: 0 | L26: 0 | M26: =SUM(K26:L26) -> 0 | N26: 0 | O26: 0 | P26: =SUM(N26:O26) -> 0 | Q26: =G26+H26+K26+N26 -> 0 | R26: =I26+L26+O26 -> 0 | S26: =SUM(Q26:R26) -> 0
J27: =SUM(H27:I27) -> 0 | K27: 0 | L27: 0 | M27: =SUM(K27:L27) -> 0 | N27: 0 | O27: 0 | P27: =SUM(N27:O27) -> 0 | Q27: =G27+H27+K27+N27 -> 0 | R27: =I27+L27+O27 -> 0 | S27: =SUM(Q27:R27) -> 0
E28: 소계 | G28: =SUM(G7:G27) -> 0 | H28: =SUM(H7:H27) -> 0 | I28: =SUM(I7:I27) -> 0 | J28: =SUM(J7:J27) -> 0 | K28: =SUM(K7:K27) -> 0 | L28: =SUM(L7:L27) -> 0 | M28: =SUM(M7:M27) -> 0 | N28: =SUM(N7:N27) -> 0 | ... S28: =SUM(S7:S27) -> 0
D29: 2 | E29: 4 | J29: =SUM(H29:I29) -> 0 | K29: 0 | L29: 0 | M29: =SUM(K29:L29) -> 0 | N29: 0 | O29: 0 | P29: =SUM(N29:O29) -> 0 | Q29: =G29+H29+K29+N29 -> 0 | R29: =I29+L29+O29 -> 0 | S29: =SUM(Q29:R29) -> 0
J30: =SUM(H30:I30) -> 0 | K30: 0 | L30: 0 | M30: =SUM(K30:L30) -> 0 | N30: 0 | O30: 0 | P30: =SUM(N30:O30) -> 0 | Q30: =G30+H30+K30+N30 -> 0 | R30: =I30+L30+O30 -> 0 | S30: =SUM(Q30:R30) -> 0
J31: =SUM(H31:I31) -> 0 | K31: 0 | L31: 0 | M31: =SUM(K31:L31) -> 0 | N31: 0 | O31: 0 | P31: =SUM(N31:O31) -> 0 | Q31: =G31+H31+K31+N31 -> 0 | R31: =I31+L31+O31 -> 0 | S31: =SUM(Q31:R31) -> 0
J32: =SUM(H32:I32) -> 0 | K32: 0 | L32: 0 | M32: =SUM(K32:L32) -> 0 | N32: 0 | O32: 0 | P32: =SUM(N32:O32) -> 0 | Q32: =G32+H32+K32+N32 -> 0 | R32: =I32+L32+O32 -> 0 | S32: =SUM(Q32:R32) -> 0
J33: =SUM(H33:I33) -> 0 | K33: 0 | L33: 0 | M33: =SUM(K33:L33) -> 0 | N33: 0 | O33: 0 | P33: =SUM(N33:O33) -> 0 | Q33: =G33+H33+K33+N33 -> 0 | R33: =I33+L33+O33 -> 0 | S33: =SUM(Q33:R33) -> 0
J34: =SUM(H34:I34) -> 0 | K34: 0 | L34: 0 | M34: =SUM(K34:L34) -> 0 | N34: 0 | O34: 0 | P34: =SUM(N34:O34) -> 0 | Q34: =G34+H34+K34+N34 -> 0 | R34: =I34+L34+O34 -> 0 | S34: =SUM(Q34:R34) -> 0
J35: =SUM(H35:I35) -> 0 | K35: 0 | L35: 0 | M35: =SUM(K35:L35) -> 0 | N35: 0 | O35: 0 | P35: =SUM(N35:O35) -> 0 | Q35: =G35+H35+K35+N35 -> 0 | R35: =I35+L35+O35 -> 0 | S35: =SUM(Q35:R35) -> 0
E36: 5 | J36: =SUM(H36:I36) -> 0 | K36: 0 | L36: 0 | M36: =SUM(K36:L36) -> 0 | N36: 0 | O36: 0 | P36: =SUM(N36:O36) -> 0 | Q36: =G36+H36+K36+N36 -> 0 | R36: =I36+L36+O36 -> 0 | S36: =SUM(Q36:R36) -> 0
J37: =SUM(H37:I37) -> 0 | K37: 0 | L37: 0 | M37: =SUM(K37:L37) -> 0 | N37: 0 | O37: 0 | P37: =SUM(N37:O37) -> 0 | Q37: =G37+H37+K37+N37 -> 0 | R37: =I37+L37+O37 -> 0 | S37: =SUM(Q37:R37) -> 0
J38: =SUM(H38:I38) -> 0 | K38: 0 | L38: 0 | M38: =SUM(K38:L38) -> 0 | N38: 0 | O38: 0 | P38: =SUM(N38:O38) -> 0 | Q38: =G38+H38+K38+N38 -> 0 | R38: =I38+L38+O38 -> 0 | S38: =SUM(Q38:R38) -> 0
J39: =SUM(H39:I39) -> 0 | K39: 0 | L39: 0 | M39: =SUM(K39:L39) -> 0 | N39: 0 | O39: 0 | P39: =SUM(N39:O39) -> 0 | Q39: =G39+H39+K39+N39 -> 0 | R39: =I39+L39+O39 -> 0 | S39: =SUM(Q39:R39) -> 0
J40: =SUM(H40:I40) -> 0 | K40: 0 | L40: 0 | M40: =SUM(K40:L40) -> 0 | N40: 0 | O40: 0 | P40: =SUM(N40:O40) -> 0 | Q40: =G40+H40+K40+N40 -> 0 | R40: =I40+L40+O40 -> 0 | S40: =SUM(Q40:R40) -> 0
J41: =SUM(H41:I41) -> 0 | K41: 0 | L41: 0 | M41: =SUM(K41:L41) -> 0 | N41: 0 | O41: 0 | P41: =SUM(N41:O41) -> 0 | Q41: =G41+H41+K41+N41 -> 0 | R41: =I41+L41+O41 -> 0 | S41: =SUM(Q41:R41) -> 0
J42: =SUM(H42:I42) -> 0 | K42: 0 | L42: 0 | M42: =SUM(K42:L42) -> 0 | N42: 0 | O42: 0 | P42: =SUM(N42:O42) -> 0 | Q42: =G42+H42+K42+N42 -> 0 | R42: =I42+L42+O42 -> 0 | S42: =SUM(Q42:R42) -> 0
E43: 소계 | G43: =SUM(G29:G42) -> 0 | H43: =SUM(H29:H42) -> 0 | I43: =SUM(I29:I42) -> 0 | J43: =SUM(J29:J42) -> 0 | K43: =SUM(K29:K42) -> 0 | L43: =SUM(L29:L42) -> 0 | M43: =SUM(M29:M42) -> 0 | N43: =SUM(N29:N42) -> 0 | ... S43: =SUM(S29:S42) -> 0
D44: 총계 | G44: =G28+G43 -> 0 | H44: =H28+H43 -> 0 | I44: =I28+I43 -> 0 | J44: =J28+J43 -> 0 | K44: =K28+K43 -> 0 | L44: =L28+L43 -> 0 | M44: =M28+M43 -> 0 | N44: =N28+N43 -> 0 | ... S44: =S28+S43 -> 0
B46: 2-2. 연구개발비 사용계획
C47: 2-2-1. 연차개발기관별 사용계획
U48: (단위: 천원)
D49: 연구개발기관명 | F49: 연구개발비 | U49: 연구 개발비 외 지원금 | V49: 연구 수당 계상 기준 금액
F50: 직접비 | R50: 간접비 | S50: 합계
F51: 인건비 | G51: 학생인건비 | I51: 연구시설·장비비 | K51: 연구 재료비 | L51: 위탁연구 개발비 | M51: 국제공동연구 개발비 | N51: 연구개발 부담비 | O51: 연구 활동비 | P51: 연구 수당 | Q51: 소계
G52: 일반 | H52: 특례 | I52: 일반 | J52: 특례
E53: 현금 | F53: =F125 -> 0 | G53: =G125 -> 0 | H53: =H125 -> 0 | I53: =I125 -> 0 | J53: =J125 -> 0 | K53: =K125 -> 0 | L53: =L125 -> 0 | M53: =M125 -> 0 | ... S53: =S125 -> 0
E54: 현물 | F54: =F126 -> 0 | G54: =G126 -> 0 | H54: =H126 -> 0 | I54: =I126 -> 0 | J54: =J126 -> 0 | K54: =K126 -> 0 | L54: =L126 -> 0 | M54: =M126 -> 0 | ... S54: =S126 -> 0
E55: 소계 | F55: =F127 -> 0 | G55: =G127 -> 0 | H55: =H127 -> 0 | I55: =I127 -> 0 | J55: =J127 -> 0 | K55: =K127 -> 0 | L55: =L127 -> 0 | M55: =M127 -> 0 | ... S55: =S127 -> 0
E56: 현금 | F56: =F150 -> 0 | G56: =G150 -> 0 | H56: =H150 -> 0 | I56: =I150 -> 0 | J56: =J150 -> 0 | K56: =K150 -> 0 | L56: =L150 -> 0 | M56: =M150 -> 0 | ... S56: =S150 -> 0
E57: 현물 | F57: =F151 -> 0 | G57: =G151 -> 0 | H57: =H151 -> 0 | I57: =I151 -> 0 | J57: =J151 -> 0 | K57: =K151 -> 0 | L57: =L151 -> 0 | M57: =M151 -> 0 | ... S57: =S151 -> 0
E58: 소계 | F58: =F152 -> 0 | G58: =G152 -> 0 | H58: =H152 -> 0 | I58: =I152 -> 0 | J58: =J152 -> 0 | K58: =K152 -> 0 | L58: =L152 -> 0 | M58: =M152 -> 0 | ... S58: =S152 -> 0
E59: 현금 | F59: =F175 -> 0 | G59: =G175 -> 0 | H59: =H175 -> 0 | I59: =I175 -> 0 | J59: =J175 -> 0 | K59: =K175 -> 0 | L59: =L175 -> 0 | M59: =M175 -> 0 | ... S59: =S175 -> 0
E60: 현물 | F60: =F176 -> 0 | G60: =G176 -> 0 | H60: =H176 -> 0 | I60: =I176 -> 0 | J60: =J176 -> 0 | K60: =K176 -> 0 | L60: =L176 -> 0 | M60: =M176 -> 0 | ... S60: =S176 -> 0
E61: 소계 | F61: =F177 -> 0 | G61: =G177 -> 0 | H61: =H177 -> 0 | I61: =I177 -> 0 | J61: =J177 -> 0 | K61: =K177 -> 0 | L61: =L177 -> 0 | M61: =M177 -> 0 | ... S61: =S177 -> 0
E62: 현금 | F62: =F200 -> 0 | G62: =G200 -> 0 | H62: =H200 -> 0 | I62: =I200 -> 0 | J62: =J200 -> 0 | K62: =K200 -> 0 | L62: =L200 -> 0 | M62: =M200 -> 0 | ... S62: =S200 -> 0
E63: 현물 | F63: =F201 -> 0 | G63: =G201 -> 0 | H63: =H201 -> 0 | I63: =I201 -> 0 | J63: =J201 -> 0 | K63: =K201 -> 0 | L63: =L201 -> 0 | M63: =M201 -> 0 | ... S63: =S201 -> 0
E64: 소계 | F64: =F202 -> 0 | G64: =G202 -> 0 | H64: =H202 -> 0 | I64: =I202 -> 0 | J64: =J202 -> 0 | K64: =K202 -> 0 | L64: =L202 -> 0 | M64: =M202 -> 0 | ... S64: =S202 -> 0
E65: 현금 | F65: =F225 -> 0 | G65: =G225 -> 0 | H65: =H225 -> 0 | I65: =I225 -> 0 | J65: =J225 -> 0 | K65: =K225 -> 0 | L65: =L225 -> 0 | M65: =M225 -> 0 | ... S65: =S225 -> 0
E66: 현물 | F66: =F226 -> 0 | G66: =G226 -> 0 | H66: =H226 -> 0 | I66: =I226 -> 0 | J66: =J226 -> 0 | K66: =K226 -> 0 | L66: =L226 -> 0 | M66: =M226 -> 0 | ... S66: =S226 -> 0
E67: 소계 | F67: =F227 -> 0 | G67: =G227 -> 0 | H67: =H227 -> 0 | I67: =I227 -> 0 | J67: =J227 -> 0 | K67: =K227 -> 0 | L67: =L227 -> 0 | M67: =M227 -> 0 | ... S67: =S227 -> 0
E68: 현금 | F68: =F250 -> 0 | G68: =G250 -> 0 | H68: =H250 -> 0 | I68: =I250 -> 0 | J68: =J250 -> 0 | K68: =K250 -> 0 | L68: =L250 -> 0 | M68: =M250 -> 0 | ... S68: =S250 -> 0
E69: 현물 | F69: =F251 -> 0 | G69: =G251 -> 0 | H69: =H251 -> 0 | I69: =I251 -> 0 | J69: =J251 -> 0 | K69: =K251 -> 0 | L69: =L251 -> 0 | M69: =M251 -> 0 | ... S69: =S251 -> 0
E70: 소계 | F70: =F252 -> 0 | G70: =G252 -> 0 | H70: =H252 -> 0 | I70: =I252 -> 0 | J70: =J252 -> 0 | K70: =K252 -> 0 | L70: =L252 -> 0 | M70: =M252 -> 0 | ... S70: =S252 -> 0
E71: 현금 | F71: =F275 -> 0 | G71: =G275 -> 0 | H71: =H275 -> 0 | I71: =I275 -> 0 | J71: =J275 -> 0 | K71: =K275 -> 0 | L71: =L275 -> 0 | M71: =M275 -> 0 | ... S71: =S275 -> 0
E72: 현물 | F72: =F276 -> 0 | G72: =G276 -> 0 | H72: =H276 -> 0 | I72: =I276 -> 0 | J72: =J276 -> 0 | K72: =K276 -> 0 | L72: =L276 -> 0 | M72: =M276 -> 0 | ... S72: =S276 -> 0
E73: 소계 | F73: =F277 -> 0 | G73: =G277 -> 0 | H73: =H277 -> 0 | I73: =I277 -> 0 | J73: =J277 -> 0 | K73: =K277 -> 0 | L73: =L277 -> 0 | M73: =M277 -> 0 | ... S73: =S277 -> 0
D74: 총계 | E74: 현금 | F74: =F53+F56+F59+F62+F65+F68+F71 -> 0 | G74: =G53+G56+G59+G62+G65+G68+G71 -> 0 | H74: =H53+H56+H59+H62+H65+H68+H71 -> 0 | I74: =I53+I56+I59+I62+I65+I68+I71 -> 0 | J74: =J53+J56+J59+J62+J65+J68+J71 -> 0 | K74: =K53+K56+K59+K62+K65+K68+K71 -> 0 | L74: =L53+L56+L59+L62+L65+L68+L71 -> 0 | M74: =M53+M56+M59+M62+M65+M68+M71 -> 0 | ... S74: =S53+S56+S59+S62+S65+S68+S71 -> 0
E75: 현물 | F75: =F54+F57+F60+F63+F66+F69+F72 -> 0 | G75: =G54+G57+G60+G63+G66+G69+G72 -> 0 | H75: =H54+H57+H60+H63+H66+H69+H72 -> 0 | I75: =I54+I57+I60+I63+I66+I69+I72 -> 0 | J75: =J54+J57+J60+J63+J66+J69+J72 -> 0 | K75: =K54+K57+K60+K63+K66+K69+K72 -> 0 | L75: =L54+L57+L60+L63+L66+L69+L72 -> 0 | M75: =M54+M57+M60+M63+M66+M69+M72 -> 0 | ... S75: =S54+S57+S60+S63+S66+S69+S72 -> 0
E76: 합계 | F76: =F55+F58+F61+F64+F67+F70+F73 -> 0 | G76: =G55+G58+G61+G64+G67+G70+G73 -> 0 | H76: =H55+H58+H61+H64+H67+H70+H73 -> 0 | I76: =I55+I58+I61+I64+I67+I70+I73 -> 0 | J76: =J55+J58+J61+J64+J67+J70+J73 -> 0 | K76: =K55+K58+K61+K64+K67+K70+K73 -> 0 | L76: =L55+L58+L61+L64+L67+L70+L73 -> 0 | M76: =M55+M58+M61+M64+M67+M70+M73 -> 0 | ... S76: =S55+S58+S61+S64+S67+S70+S73 -> 0
C78: 2-2-2. 연차별 사용계획
U79: (단위: 천원)
D80: 연차 | F80: 연구개발비 | U80: 연구 개발비 외 지원금 | V80: 연구 수당 계상 기준 금액
F81: 직접비 | R81: 간접비 | S81: 합계
F82: 인건비 | G82: 학생인건비 | I82: 연구시설·장비비 | K82: 연구 재료비 | L82: 위탁연구 개발비 | M82: 국제공동연구 개발비 | N82: 연구개발 부담비 | O82: 연구 활동비 | P82: 연구 수당 | Q82: 소계
G83: 일반 | H83: 특례 | I83: 일반 | J83: 특례
D84: 1 | E84: 현금 | F84: =F110+F135+F160+F185+F210+F235+F260 -> 0 | G84: =G110+G135+G160+G185+G210+G235+G260 -> 0 | H84: =H110+H135+H160+H185+H210+H235+H260 -> 0 | I84: =I110+I135+I160+I185+I210+I235+I260 -> 0 | J84: =J110+J135+J160+J185+J210+J235+J260 -> 0 | K84: =K110+K135+K160+K185+K210+K235+K260 -> 0 | L84: =L110+L135+L160+L185+L210+L235+L260 -> 0 | M84: =M110+M135+M160+M185+M210+M235+M260 -> 0 | ... S84: =S110+S135+S160+S185+S210+S235+S260 -> 0
E85: 현물 | F85: =F111+F136+F161+F186+F211+F236+F261 -> 0 | G85: =G111+G136+G161+G186+G211+G236+G261 -> 0 | H85: =H111+H136+H161+H186+H211+H236+H261 -> 0 | I85: =I111+I136+I161+I186+I211+I236+I261 -> 0 | J85: =J111+J136+J161+J186+J211+J236+J261 -> 0 | K85: =K111+K136+K161+K186+K211+K236+K261 -> 0 | L85: =L111+L136+L161+L186+L211+L236+L261 -> 0 | M85: =M111+M136+M161+M186+M211+M236+M261 -> 0 | ... S85: =S111+S136+S161+S186+S211+S236+S261 -> 0
E86: 소계 | F86: =F112+F137+F162+F187+F212+F237+F262 -> 0 | G86: =G112+G137+G162+G187+G212+G237+G262 -> 0 | H86: =H112+H137+H162+H187+H212+H237+H262 -> 0 | I86: =I112+I137+I162+I187+I212+I237+I262 -> 0 | J86: =J112+J137+J162+J187+J212+J237+J262 -> 0 | K86: =K112+K137+K162+K187+K212+K237+K262 -> 0 | L86: =L112+L137+L162+L187+L212+L237+L262 -> 0 | M86: =M112+M137+M162+M187+M212+M237+M262 -> 0 | ... S86: =S112+S137+S162+S187+S212+S237+S262 -> 0
D87: 2 | E87: 현금 | F87: =F113+F138+F163+F188+F213+F238+F263 -> 0 | G87: =G113+G138+G163+G188+G213+G238+G263 -> 0 | H87: =H113+H138+H163+H188+H213+H238+H263 -> 0 | I87: =I113+I138+I163+I188+I213+I238+I263 -> 0 | J87: =J113+J138+J163+J188+J213+J238+J263 -> 0 | K87: =K113+K138+K163+K188+K213+K238+K263 -> 0 | L87: =L113+L138+L163+L188+L213+L238+L263 -> 0 | M87: =M113+M138+M163+M188+M213+M238+M263 -> 0 | ... S87: =S113+S138+S163+S188+S213+S238+S263 -> 0
E88: 현물 | F88: =F114+F139+F164+F189+F214+F239+F264 -> 0 | G88: =G114+G139+G164+G189+G214+G239+G264 -> 0 | H88: =H114+H139+H164+H189+H214+H239+H264 -> 0 | I88: =I114+I139+I164+I189+I214+I239+I264 -> 0 | J88: =J114+J139+J164+J189+J214+J239+J264 -> 0 | K88: =K114+K139+K164+K189+K214+K239+K264 -> 0 | L88: =L114+L139+L164+L189+L214+L239+L264 -> 0 | M88: =M114+M139+M164+M189+M214+M239+M264 -> 0 | ... S88: =S114+S139+S164+S189+S214+S239+S264 -> 0
E89: 소계 | F89: =F115+F140+F165+F190+F215+F240+F265 -> 0 | G89: =G115+G140+G165+G190+G215+G240+G265 -> 0 | H89: =H115+H140+H165+H190+H215+H240+H265 -> 0 | I89: =I115+I140+I165+I190+I215+I240+I265 -> 0 | J89: =J115+J140+J165+J190+J215+J240+J265 -> 0 | K89: =K115+K140+K165+K190+K215+K240+K265 -> 0 | L89: =L115+L140+L165+L190+L215+L240+L265 -> 0 | M89: =M115+M140+M165+M190+M215+M240+M265 -> 0 | ... S89: =S115+S140+S165+S190+S215+S240+S265 -> 0
D90: 3 | E90: 현금 | F90: =F116+F141+F166+F191+F216+F241+F266 -> 0 | G90: =G116+G141+G166+G191+G216+G241+G266 -> 0 | H90: =H116+H141+H166+H191+H216+H241+H266 -> 0 | I90: =I116+I141+I166+I191+I216+I241+I266 -> 0 | J90: =J116+J141+J166+J191+J216+J241+J266 -> 0 | K90: =K116+K141+K166+K191+K216+K241+K266 -> 0 | L90: =L116+L141+L166+L191+L216+L241+L266 -> 0 | M90: =M116+M141+M166+M191+M216+M241+M266 -> 0 | ... S90: =S116+S141+S166+S191+S216+S241+S266 -> 0
E91: 현물 | F91: =F117+F142+F167+F192+F217+F242+F267 -> 0 | G91: =G117+G142+G167+G192+G217+G242+G267 -> 0 | H91: =H117+H142+H167+H192+H217+H242+H267 -> 0 | I91: =I117+I142+I167+I192+I217+I242+I267 -> 0 | J91: =J117+J142+J167+J192+J217+J242+J267 -> 0 | K91: =K117+K142+K167+K192+K217+K242+K267 -> 0 | L91: =L117+L142+L167+L192+L217+L242+L267 -> 0 | M91: =M117+M142+M167+M192+M217+M242+M267 -> 0 | ... S91: =S117+S142+S167+S192+S217+S242+S267 -> 0
E92: 소계 | F92: =F118+F143+F168+F193+F218+F243+F268 -> 0 | G92: =G118+G143+G168+G193+G218+G243+G268 -> 0 | H92: =H118+H143+H168+H193+H218+H243+H268 -> 0 | I92: =I118+I143+I168+I193+I218+I243+I268 -> 0 | J92: =J118+J143+J168+J193+J218+J243+J268 -> 0 | K92: =K118+K143+K168+K193+K218+K243+K268 -> 0 | L92: =L118+L143+L168+L193+L218+L243+L268 -> 0 | M92: =M118+M143+M168+M193+M218+M243+M268 -> 0 | ... S92: =S118+S143+S168+S193+S218+S243+S268 -> 0
D93: 4 | E93: 현금 | F93: =F119+F144+F169+F194+F219+F244+F269 -> 0 | G93: =G119+G144+G169+G194+G219+G244+G269 -> 0 | H93: =H119+H144+H169+H194+H219+H244+H269 -> 0 | I93: =I119+I144+I169+I194+I219+I244+I269 -> 0 | J93: =J119+J144+J169+J194+J219+J244+J269 -> 0 | K93: =K119+K144+K169+K194+K219+K244+K269 -> 0 | L93: =L119+L144+L169+L194+L219+L244+L269 -> 0 | M93: =M119+M144+M169+M194+M219+M244+M269 -> 0 | ... S93: =S119+S144+S169+S194+S219+S244+S269 -> 0
E94: 현물 | F94: =F120+F145+F170+F195+F220+F245+F270 -> 0 | G94: =G120+G145+G170+G195+G220+G245+G270 -> 0 | H94: =H120+H145+H170+H195+H220+H245+H270 -> 0 | I94: =I120+I145+I170+I195+I220+I245+I270 -> 0 | J94: =J120+J145+J170+J195+J220+J245+J270 -> 0 | K94: =K120+K145+K170+K195+K220+K245+K270 -> 0 | L94: =L120+L145+L170+L195+L220+L245+L270 -> 0 | M94: =M120+M145+M170+M195+M220+M245+M270 -> 0 | ... S94: =S120+S145+S170+S195+S220+S245+S270 -> 0
E95: 소계 | F95: =F121+F146+F171+F196+F221+F246+F271 -> 0 | G95: =G121+G146+G171+G196+G221+G246+G271 -> 0 | H95: =H121+H146+H171+H196+H221+H246+H271 -> 0 | I95: =I121+I146+I171+I196+I221+I246+I271 -> 0 | J95: =J121+J146+J171+J196+J221+J246+J271 -> 0 | K95: =K121+K146+K171+K196+K221+K246+K271 -> 0 | L95: =L121+L146+L171+L196+L221+L246+L271 -> 0 | M95: =M121+M146+M171+M196+M221+M246+M271 -> 0 | ... S95: =S121+S146+S171+S196+S221+S246+S271 -> 0
D96: 5 | E96: 현금 | F96: =F122+F147+F172+F197+F222+F247+F272 -> 0 | G96: =G122+G147+G172+G197+G222+G247+G272 -> 0 | H96: =H122+H147+H172+H197+H222+H247+H272 -> 0 | I96: =I122+I147+I172+I197+I222+I247+I272 -> 0 | J96: =J122+J147+J172+J197+J222+J247+J272 -> 0 | K96: =K122+K147+K172+K197+K222+K247+K272 -> 0 | L96: =L122+L147+L172+L197+L222+L247+L272 -> 0 | M96: =M122+M147+M172+M197+M222+M247+M272 -> 0 | ... S96: =S122+S147+S172+S197+S222+S247+S272 -> 0
E97: 현물 | F97: =F123+F148+F173+F198+F223+F248+F273 -> 0 | G97: =G123+G148+G173+G198+G223+G248+G273 -> 0 | H97: =H123+H148+H173+H198+H223+H248+H273 -> 0 | I97: =I123+I148+I173+I198+I223+I248+I273 -> 0 | J97: =J123+J148+J173+J198+J223+J248+J273 -> 0 | K97: =K123+K148+K173+K198+K223+K248+K273 -> 0 | L97: =L123+L148+L173+L198+L223+L248+L273 -> 0 | M97: =M123+M148+M173+M198+M223+M248+M273 -> 0 | ... S97: =S123+S148+S173+S198+S223+S248+S273 -> 0
E98: 소계 | F98: =F124+F149+F174+F199+F224+F249+F274 -> 0 | G98: =G124+G149+G174+G199+G224+G249+G274 -> 0 | H98: =H124+H149+H174+H199+H224+H249+H274 -> 0 | I98: =I124+I149+I174+I199+I224+I249+I274 -> 0 | J98: =J124+J149+J174+J199+J224+J249+J274 -> 0 | K98: =K124+K149+K174+K199+K224+K249+K274 -> 0 | L98: =L124+L149+L174+L199+L224+L249+L274 -> 0 | M98: =M124+M149+M174+M199+M224+M249+M274 -> 0 | ... S98: =S124+S149+S174+S199+S224+S249+S274 -> 0
D99: 총계 | E99: 현금 | F99: =F125+F150+F175+F200+F225+F250+F275 -> 0 | G99: =G125+G150+G175+G200+G225+G250+G275 -> 0 | H99: =H125+H150+H175+H200+H225+H250+H275 -> 0 | I99: =I125+I150+I175+I200+I225+I250+I275 -> 0 | J99: =J125+J150+J175+J200+J225+J250+J275 -> 0 | K99: =K125+K150+K175+K200+K225+K250+K275 -> 0 | L99: =L125+L150+L175+L200+L225+L250+L275 -> 0 | M99: =M125+M150+M175+M200+M225+M250+M275 -> 0 | ... S99: =S125+S150+S175+S200+S225+S250+S275 -> 0
E100: 현물 | F100: =F126+F151+F176+F201+F226+F251+F276 -> 0 | G100: =G126+G151+G176+G201+G226+G251+G276 -> 0 | H100: =H126+H151+H176+H201+H226+H251+H276 -> 0 | I100: =I126+I151+I176+I201+I226+I251+I276 -> 0 | J100: =J126+J151+J176+J201+J226+J251+J276 -> 0 | K100: =K126+K151+K176+K201+K226+K251+K276 -> 0 | L100: =L126+L151+L176+L201+L226+L251+L276 -> 0 | M100: =M126+M151+M176+M201+M226+M251+M276 -> 0 | ... S100: =S126+S151+S176+S201+S226+S251+S276 -> 0
E101: 합계 | F101: =F127+F152+F177+F202+F227+F252+F277 -> 0 | G101: =G127+G152+G177+G202+G227+G252+G277 -> 0 | H101: =H127+H152+H177+H202+H227+H252+H277 -> 0 | I101: =I127+I152+I177+I202+I227+I252+I277 -> 0 | J101: =J127+J152+J177+J202+J227+J252+J277 -> 0 | K101: =K127+K152+K177+K202+K227+K252+K277 -> 0 | L101: =L127+L152+L177+L202+L227+L252+L277 -> 0 | M101: =M127+M152+M177+M202+M227+M252+M277 -> 0 | ... S101: =S127+S152+S177+S202+S227+S252+S277 -> 0
C103: 2-2-3. 연구개발기관별-연차별 사용계획
D104: 가. 공동연구개발기관명 :
...

Sheet 연구개발비(3세부)
B2: 2-1. 연구개발비 지원.부담계획
D3: 구분 | G3: 정부지원 | H3: 기관부담 | K3: 그 외 기관 등의 지원금 | Q3: 합 계
G4: 연구개발비 | H4: 연구개발비 | K4: 지방자치단체 | N4: 기타( )
D5: 단계 | E5: 연차 | F5: 연구개발기관명 | G5: 현금 | H5: 현금 | I5: 현물 | J5: 소계 | K5: 현금 | L5: 현물 | M5: 소계 | N5: 현금 | O5: 현물 | P5: 소계 | Q5: 현금 | R5: 현물 | S5: 합계
F6: (기관역할1｣)
D7: 1 | E7: 1 | J7: =SUM(H7:I7) -> 0 | K7: 0 | L7: 0 | M7: =SUM(K7:L7) -> 0 | N7: 0 | O7: 0 | P7: =SUM(N7:O7) -> 0 | Q7: =G7+H7+K7+N7 -> 0 | R7: =I7+L7+O7 -> 0 | S7: =SUM(Q7:R7) -> 0
J8: =SUM(H8:I8) -> 0 | K8: 0 | L8: 0 | M8: =SUM(K8:L8) -> 0 | N8: 0 | O8: 0 | P8: =SUM(N8:O8) -> 0 | Q8: =G8+H8+K8+N8 -> 0 | R8: =I8+L8+O8 -> 0 | S8: =SUM(Q8:R8) -> 0
J9: =SUM(H9:I9) -> 0 | K9: 0 | L9: 0 | M9: =SUM(K9:L9) -> 0 | N9: 0 | O9: 0 | P9: =SUM(N9:O9) -> 0 | Q9: =G9+H9+K9+N9 -> 0 | R9: =I9+L9+O9 -> 0 | S9: =SUM(Q9:R9) -> 0
J10: =SUM(H10:I10) -> 0 | K10: 0 | L10: 0 | M10: =SUM(K10:L10) -> 0 | N10: 0 | O10: 0 | P10: =SUM(N10:O10) -> 0 | Q10: =G10+H10+K10+N10 -> 0 | R10: =I10+L10+O10 -> 0 | S10: =SUM(Q10:R10) -> 0
J11: =SUM(H11:I11) -> 0 | K11: 0 | L11: 0 | M11: =SUM(K11:L11) -> 0 | N11: 0 | O11: 0 | P11: =SUM(N11:O11) -> 0 | Q11: =G11+H11+K11+N11 -> 0 | R11: =I11+L11+O11 -> 0 | S11: =SUM(Q11:R11) -> 0
J12: =SUM(H12:I12) -> 0 | K12: 0 | L12: 0 | M12: =SUM(K12:L12) -> 0 | N12: 0 | O12: 0 | P12: =SUM(N12:O12) -> 0 | Q12: =G12+H12+K12+N12 -> 0 | R12: =I12+L12+O12 -> 0 | S12: =SUM(Q12:R12) -> 0
J13: =SUM(H13:I13) -> 0 | K13: 0 | L13: 0 | M13: =SUM(K13:L13) -> 0 | N13: 0 | O13: 0 | P13: =SUM(N13:O13) -> 0 | Q13: =G13+H13+K13+N13 -> 0 | R13: =I13+L13+O13 -> 0 | S13: =SUM(Q13:R13) -> 0
E14: 2 | J14: =SUM(H14:I14) -> 0 | K14: 0 | L14: 0 | M14: =SUM(K14:L14) -> 0 | N14: 0 | O14: 0 | P14: =SUM(N14:O14) -> 0 | Q14: =G14+H14+K14+N14 -> 0 | R14: =I14+L14+O14 -> 0 | S14: =SUM(Q14:R14) -> 0
J15: =SUM(H15:I15) -> 0 | K15: 0 | L15: 0 | M15: =SUM(K15:L15) -> 0 | N15: 0 | O15: 0 | P15: =SUM(N15:O15) -> 0 | Q15: =G15+H15+K15+N15 -> 0 | R15: =I15+L15+O15 -> 0 | S15: =SUM(Q15:R15) -> 0
J16: =SUM(H16:I16) -> 0 | K16: 0 | L16: 0 | M16: =SUM(K16:L16) -> 0 | N16: 0 | O16: 0 | P16: =SUM(N16:O16) -> 0 | Q16: =G16+H16+K16+N16 -> 0 | R16: =I16+L16+O16 -> 0 | S16: =SUM(Q16:R16) -> 0
J17: =SUM(H17:I17) -> 0 | K17: 0 | L17: 0 | M17: =SUM(K17:L17) -> 0 | N17: 0 | O17: 0 | P17: =SUM(N17:O17) -> 0 | Q17: =G17+H17+K17+N17 -> 0 | R17: =I17+L17+O17 -> 0 | S17: =SUM(Q17:R17) -> 0
J18: =SUM(H18:I18) -> 0 | K18: 0 | L18: 0 | M18: =SUM(K18:L18) -> 0 | N18: 0 | O18: 0 | P18: =SUM(N18:O18) -> 0 | Q18: =G18+H18+K18+N18 -> 0 | R18: =I18+L18+O18 -> 0 | S18: =SUM(Q18:R18) -> 0
J19: =SUM(H19:I19) -> 0 | K19: 0 | L19: 0 | M19: =SUM(K19:L19) -> 0 | N19: 0 | O19: 0 | P19: =SUM(N19:O19) -> 0 | Q19: =G19+H19+K19+N19 -> 0 | R19: =I19+L19+O19 -> 0 | S19: =SUM(Q19:R19) -> 0
J20: =SUM(H20:I20) -> 0 | K20: 0 | L20: 0 | M20: =SUM(K20:L20) -> 0 | N20: 0 | O20: 0 | P20: =SUM(N20:O20) -> 0 | Q20: =G20+H20+K20+N20 -> 0 | R20: =I20+L20+O20 -> 0 | S20: =SUM(Q20:R20) -> 0
E21: 3 | J21: =SUM(H21:I21) -> 0 | K21: 0 | L21: 0 | M21: =SUM(K21:L21) -> 0 | N21: 0 | O21: 0 | P21: =SUM(N21:O21) -> 0 | Q21: =G21+H21+K21+N21 -> 0 | R21: =I21+L21+O21 -> 0 | S21: =SUM(Q21:R21) -> 0
J22: =SUM(H22:I22) -> 0 | K22: 0 | L22: 0 | M22: =SUM(K22:L22) -> 0 | N22: 0 | O22: 0 | P22: =SUM(N22:O22) -> 0 | Q22: =G22+H22+K22+N22 -> 0 | R22: =I22+L22+O22 -> 0 | S22: =SUM(Q22:R22) -> 0
J23: =SUM(H23:I23) -> 0 | K23: 0 | L23: 0 | M23: =SUM(K23:L23) -> 0 | N23: 0 | O23: 0 | P23: =SUM(N23:O23) -> 0 | Q23: =G23+H23+K23+N23 -> 0 | R23: =I23+L23+O23 -> 0 | S23: =SUM(Q23:R23) -> 0
J24: =SUM(H24:I24) -> 0 | K24: 0 | L24: 0 | M24: =SUM(K24:L24) -> 0 | N24: 0 | O24: 0 | P24: =SUM(N24:O24) -> 0 | Q24: =G24+H24+K24+N24 -> 0 | R24: =I24+L24+O24 -> 0 | S24: =SUM(Q24:R24) -> 0
J25: =SUM(H25:I25) -> 0 | K25: 0 | L25: 0 | M25: =SUM(K25:L25) -> 0 | N25: 0 | O25: 0 | P25: =SUM(N25:O25) -> 0 | Q25: =G25+H25+K25+N25 -> 0 | R25: =I25+L25+O25 -> 0 | S25: =SUM(Q25:R25) -> 0
J26: =SUM(H26:I26) -> 0 | K26: 0 | L26: 0 | M26: =SUM(K26:L26) -> 0 | N26: 0 | O26: 0 | P26: =SUM(N26:O26) -> 0 | Q26: =G26+H26+K26+N26 -> 0 | R26: =I26+L26+O26 -> 0 | S26: =SUM(Q26:R26) -> 0
J27: =SUM(H27:I27) -> 0 | K27: 0 | L27: 0 | M27: =SUM(K27:L27) -> 0 | N27: 0 | O27: 0 | P27: =SUM(N27:O27) -> 0 | Q27: =G27+H27+K27+N27 -> 0 | R27: =I27+L27+O27 -> 0 | S27: =SUM(Q27:R27) -> 0
E28: 소계 | G28: =SUM(G7:G27) -> 0 | H28: =SUM(H7:H27) -> 0 | I28: =SUM(I7:I27) -> 0 | J28: =SUM(J7:J27) -> 0 | K28: =SUM(K7:K27) -> 0 | L28: =SUM(L7:L27) -> 0 | M28: =SUM(M7:M27) -> 0 | N28: =SUM(N7:N27) -> 0 | ... S28: =SUM(S7:S27) -> 0
D29: 2 | E29: 4 | J29: =SUM(H29:I29) -> 0 | K29: 0 | L29: 0 | M29: =SUM(K29:L29) -> 0 | N29: 0 | O29: 0 | P29: =SUM(N29:O29) -> 0 | Q29: =G29+H29+K29+N29 -> 0 | R29: =I29+L29+O29 -> 0 | S29: =SUM(Q29:R29) -> 0
J30: =SUM(H30:I30) -> 0 | K30: 0 | L30: 0 | M30: =SUM(K30:L30) -> 0 | N30: 0 | O30: 0 | P30: =SUM(N30:O30) -> 0 | Q30: =G30+H30+K30+N30 -> 0 | R30: =I30+L30+O30 -> 0 | S30: =SUM(Q30:R30) -> 0
J31: =SUM(H31:I31) -> 0 | K31: 0 | L31: 0 | M31: =SUM(K31:L31) -> 0 | N31: 0 | O31: 0 | P31: =SUM(N31:O31) -> 0 | Q31: =G31+H31+K31+N31 -> 0 | R31: =I31+L31+O31 -> 0 | S31: =SUM(Q31:R31) -> 0
J32: =SUM(H32:I32) -> 0 | K32: 0 | L32: 0 | M32: =SUM(K32:L32) -> 0 | N32: 0 | O32: 0 | P32: =SUM(N32:O32) -> 0 | Q32: =G32+H32+K32+N32 -> 0 | R32: =I32+L32+O32 -> 0 | S32: =SUM(Q32:R32) -> 0
J33: =SUM(H33:I33) -> 0 | K33: 0 | L33: 0 | M33: =SUM(K33:L33) -> 0 | N33: 0 | O33: 0 | P33: =SUM(N33:O33) -> 0 | Q33: =G33+H33+K33+N33 -> 0 | R33: =I33+L33+O33 -> 0 | S33: =SUM(Q33:R33) -> 0
J34: =SUM(H34:I34) -> 0 | K34: 0 | L34: 0 | M34: =SUM(K34:L34) -> 0 | N34: 0 | O34: 0 | P34: =SUM(N34:O34) -> 0 | Q34: =G34+H34+K34+N34 -> 0 | R34: =I34+L34+O34 -> 0 | S34: =SUM(Q34:R34) -> 0
J35: =SUM(H35:I35) -> 0 | K35: 0 | L35: 0 | M35: =SUM(K35:L35) -> 0 | N35: 0 | O35: 0 | P35: =SUM(N35:O35) -> 0 | Q35: =G35+H35+K35+N35 -> 0 | R35: =I35+L35+O35 -> 0 | S35: =SUM(Q35:R35) -> 0
E36: 5 | J36: =SUM(H36:I36) -> 0 | K36: 0 | L36: 0 | M36: =SUM(K36:L36) -> 0 | N36: 0 | O36: 0 | P36: =SUM(N36:O36) -> 0 | Q36: =G36+H36+K36+N36 -> 0 | R36: =I36+L36+O36 -> 0 | S36: =SUM(Q36:R36) -> 0
J37: =SUM(H37:I37) -> 0 | K37: 0 | L37: 0 | M37: =SUM(K37:L37) -> 0 | N37: 0 | O37: 0 | P37: =SUM(N37:O37) -> 0 | Q37: =G37+H37+K37+N37 -> 0 | R37: =I37+L37+O37 -> 0 | S37: =SUM(Q37:R37) -> 0
J38: =SUM(H38:I38) -> 0 | K38: 0 | L38: 0 | M38: =SUM(K38:L38) -> 0 | N38: 0 | O38: 0 | P38: =SUM(N38:O38) -> 0 | Q38: =G38+H38+K38+N38 -> 0 | R38: =I38+L38+O38 -> 0 | S38: =SUM(Q38:R38) -> 0
J39: =SUM(H39:I39) -> 0 | K39: 0 | L39: 0 | M39: =SUM(K39:L39) -> 0 | N39: 0 | O39: 0 | P39: =SUM(N39:O39) -> 0 | Q39: =G39+H39+K39+N39 -> 0 | R39: =I39+L39+O39 -> 0 | S39: =SUM(Q39:R39) -> 0
J40: =SUM(H40:I40) -> 0 | K40: 0 | L40: 0 | M40: =SUM(K40:L40) -> 0 | N40: 0 | O40: 0 | P40: =SUM(N40:O40) -> 0 | Q40: =G40+H40+K40+N40 -> 0 | R40: =I40+L40+O40 -> 0 | S40: =SUM(Q40:R40) -> 0
J41: =SUM(H41:I41) -> 0 | K41: 0 | L41: 0 | M41: =SUM(K41:L41) -> 0 | N41: 0 | O41: 0 | P41: =SUM(N41:O41) -> 0 | Q41: =G41+H41+K41+N41 -> 0 | R41: =I41+L41+O41 -> 0 | S41: =SUM(Q41:R41) -> 0
J42: =SUM(H42:I42) -> 0 | K42: 0 | L42: 0 | M42: =SUM(K42:L42) -> 0 | N42: 0 | O42: 0 | P42: =SUM(N42:O42) -> 0 | Q42: =G42+H42+K42+N42 -> 0 | R42: =I42+L42+O42 -> 0 | S42: =SUM(Q42:R42) -> 0
E43: 소계 | G43: =SUM(G29:G42) -> 0 | H43: =SUM(H29:H42) -> 0 | I43: =SUM(I29:I42) -> 0 | J43: =SUM(J29:J42) -> 0 | K43: =SUM(K29:K42) -> 0 | L43: =SUM(L29:L42) -> 0 | M43: =SUM(M29:M42) -> 0 | N43: =SUM(N29:N42) -> 0 | ... S43: =SUM(S29:S42) -> 0
D44: 총계 | G44: =G28+G43 -> 0 | H44: =H28+H43 -> 0 | I44: =I28+I43 -> 0 | J44: =J28+J43 -> 0 | K44: =K28+K43 -> 0 | L44: =L28+L43 -> 0 | M44: =M28+M43 -> 0 | N44: =N28+N43 -> 0 | ... S44: =S28+S43 -> 0
B46: 2-2. 연구개발비 사용계획
C47: 2-2-1. 연차개발기관별 사용계획
U48: (단위: 천원)
D49: 연구개발기관명 | F49: 연구개발비 | U49: 연구 개발비 외 지원금 | V49: 연구 수당 계상 기준 금액
F50: 직접비 | R50: 간접비 | S50: 합계
F51: 인건비 | G51: 학생인건비 | I51: 연구시설·장비비 | K51: 연구 재료비 | L51: 위탁연구 개발비 | M51: 국제공동연구 개발비 | N51: 연구개발 부담비 | O51: 연구 활동비 | P51: 연구 수당 | Q51: 소계
G52: 일반 | H52: 특례 | I52: 일반 | J52: 특례
E53: 현금 | F53: =F125 -> 0 | G53: =G125 -> 0 | H53: =H125 -> 0 | I53: =I125 -> 0 | J53: =J125 -> 0 | K53: =K125 -> 0 | L53: =L125 -> 0 | M53: =M125 -> 0 | ... S53: =S125 -> 0
E54: 현물 | F54: =F126 -> 0 | G54: =G126 -> 0 | H54: =H126 -> 0 | I54: =I126 -> 0 | J54: =J126 -> 0 | K54: =K126 -> 0 | L54: =L126 -> 0 | M54: =M126 -> 0 | ... S54: =S126 -> 0
E55: 소계 | F55: =F127 -> 0 | G55: =G127 -> 0 | H55: =H127 -> 0 | I55: =I127 -> 0 | J55: =J127 -> 0 | K55: =K127 -> 0 | L55: =L127 -> 0 | M55: =M127 -> 0 | ... S55: =S127 -> 0
E56: 현금 | F56: =F150 -> 0 | G56: =G150 -> 0 | H56: =H150 -> 0 | I56: =I150 -> 0 | J56: =J150 -> 0 | K56: =K150 -> 0 | L56: =L150 -> 0 | M56: =M150 -> 0 | ... S56: =S150 -> 0
E57: 현물 | F57: =F151 -> 0 | G57: =G151 -> 0 | H57: =H151 -> 0 | I57: =I151 -> 0 | J57: =J151 -> 0 | K57: =K151 -> 0 | L57: =L151 -> 0 | M57: =M151 -> 0 | ... S57: =S151 -> 0
E58: 소계 | F58: =F152 -> 0 | G58: =G152 -> 0 | H58: =H152 -> 0 | I58: =I152 -> 0 | J58: =J152 -> 0 | K58: =K152 -> 0 | L58: =L152 -> 0 | M58: =M152 -> 0 | ... S58: =S152 -> 0
E59: 현금 | F59: =F175 -> 0 | G59: =G175 -> 0 | H59: =H175 -> 0 | I59: =I175 -> 0 | J59: =J175 -> 0 | K59: =K175 -> 0 | L59: =L175 -> 0 | M59: =M175 -> 0 | ... S59: =S175 -> 0
E60: 현물 | F60: =F176 -> 0 | G60: =G176 -> 0 | H60: =H176 -> 0 | I60: =I176 -> 0 | J60: =J176 -> 0 | K60: =K176 -> 0 | L60: =L176 -> 0 | M60: =M176 -> 0 | ... S60: =S176 -> 0
E61: 소계 | F61: =F177 -> 0 | G61: =G177 -> 0 | H61: =H177 -> 0 | I61: =I177 -> 0 | J61: =J177 -> 0 | K61: =K177 -> 0 | L61: =L177 -> 0 | M61: =M177 -> 0 | ... S61: =S177 -> 0
E62: 현금 | F62: =F200 -> 0 | G62: =G200 -> 0 | H62: =H200 -> 0 | I62: =I200 -> 0 | J62: =J200 -> 0 | K62: =K200 -> 0 | L62: =L200 -> 0 | M62: =M200 -> 0 | ... S62: =S200 -> 0
E63: 현물 | F63: =F201 -> 0 | G63: =G201 -> 0 | H63: =H201 -> 0 | I63: =I201 -> 0 | J63: =J201 -> 0 | K63: =K201 -> 0 | L63: =L201 -> 0 | M63: =M201 -> 0 | ... S63: =S201 -> 0
E64: 소계 | F64: =F202 -> 0 | G64: =G202 -> 0 | H64: =H202 -> 0 | I64: =I202 -> 0 | J64: =J202 -> 0 | K64: =K202 -> 0 | L64: =L202 -> 0 | M64: =M202 -> 0 | ... S64: =S202 -> 0
E65: 현금 | F65: =F225 -> 0 | G65: =G225 -> 0 | H65: =H225 -> 0 | I65: =I225 -> 0 | J65: =J225 -> 0 | K65: =K225 -> 0 | L65: =L225 -> 0 | M65: =M225 -> 0 | ... S65: =S225 -> 0
E66: 현물 | F66: =F226 -> 0 | G66: =G226 -> 0 | H66: =H226 -> 0 | I66: =I226 -> 0 | J66: =J226 -> 0 | K66: =K226 -> 0 | L66: =L226 -> 0 | M66: =M226 -> 0 | ... S66: =S226 -> 0
E67: 소계 | F67: =F227 -> 0 | G67: =G227 -> 0 | H67: =H227 -> 0 | I67: =I227 -> 0 | J67: =J227 -> 0 | K67: =K227 -> 0 | L67: =L227 -> 0 | M67: =M227 -> 0 | ... S67: =S227 -> 0
E68: 현금 | F68: =F250 -> 0 | G68: =G250 -> 0 | H68: =H250 -> 0 | I68: =I250 -> 0 | J68: =J250 -> 0 | K68: =K250 -> 0 | L68: =L250 -> 0 | M68: =M250 -> 0 | ... S68: =S250 -> 0
E69: 현물 | F69: =F251 -> 0 | G69: =G251 -> 0 | H69: =H251 -> 0 | I69: =I251 -> 0 | J69: =J251 -> 0 | K69: =K251 -> 0 | L69: =L251 -> 0 | M69: =M251 -> 0 | ... S69: =S251 -> 0
E70: 소계 | F70: =F252 -> 0 | G70: =G252 -> 0 | H70: =H252 -> 0 | I70: =I252 -> 0 | J70: =J252 -> 0 | K70: =K252 -> 0 | L70: =L252 -> 0 | M70: =M252 -> 0 | ... S70: =S252 -> 0
E71: 현금 | F71: =F275 -> 0 | G71: =G275 -> 0 | H71: =H275 -> 0 | I71: =I275 -> 0 | J71: =J275 -> 0 | K71: =K275 -> 0 | L71: =L275 -> 0 | M71: =M275 -> 0 | ... S71: =S275 -> 0
E72: 현물 | F72: =F276 -> 0 | G72: =G276 -> 0 | H72: =H276 -> 0 | I72: =I276 -> 0 | J72: =J276 -> 0 | K72: =K276 -> 0 | L72: =L276 -> 0 | M72: =M276 -> 0 | ... S72: =S276 -> 0
E73: 소계 | F73: =F277 -> 0 | G73: =G277 -> 0 | H73: =H277 -> 0 | I73: =I277 -> 0 | J73: =J277 -> 0 | K73: =K277 -> 0 | L73: =L277 -> 0 | M73: =M277 -> 0 | ... S73: =S277 -> 0
D74: 총계 | E74: 현금 | F74: =F53+F56+F59+F62+F65+F68+F71 -> 0 | G74: =G53+G56+G59+G62+G65+G68+G71 -> 0 | H74: =H53+H56+H59+H62+H65+H68+H71 -> 0 | I74: =I53+I56+I59+I62+I65+I68+I71 -> 0 | J74: =J53+J56+J59+J62+J65+J68+J71 -> 0 | K74: =K53+K56+K59+K62+K65+K68+K71 -> 0 | L74: =L53+L56+L59+L62+L65+L68+L71 -> 0 | M74: =M53+M56+M59+M62+M65+M68+M71 -> 0 | ... S74: =S53+S56+S59+S62+S65+S68+S71 -> 0
E75: 현물 | F75: =F54+F57+F60+F63+F66+F69+F72 -> 0 | G75: =G54+G57+G60+G63+G66+G69+G72 -> 0 | H75: =H54+H57+H60+H63+H66+H69+H72 -> 0 | I75: =I54+I57+I60+I63+I66+I69+I72 -> 0 | J75: =J54+J57+J60+J63+J66+J69+J72 -> 0 | K75: =K54+K57+K60+K63+K66+K69+K72 -> 0 | L75: =L54+L57+L60+L63+L66+L69+L72 -> 0 | M75: =M54+M57+M60+M63+M66+M69+M72 -> 0 | ... S75: =S54+S57+S60+S63+S66+S69+S72 -> 0
E76: 합계 | F76: =F55+F58+F61+F64+F67+F70+F73 -> 0 | G76: =G55+G58+G61+G64+G67+G70+G73 -> 0 | H76: =H55+H58+H61+H64+H67+H70+H73 -> 0 | I76: =I55+I58+I61+I64+I67+I70+I73 -> 0 | J76: =J55+J58+J61+J64+J67+J70+J73 -> 0 | K76: =K55+K58+K61+K64+K67+K70+K73 -> 0 | L76: =L55+L58+L61+L64+L67+L70+L73 -> 0 | M76: =M55+M58+M61+M64+M67+M70+M73 -> 0 | ... S76: =S55+S58+S61+S64+S67+S70+S73 -> 0
C78: 2-2-2. 연차별 사용계획
U79: (단위: 천원)
D80: 연차 | F80: 연구개발비 | U80: 연구 개발비 외 지원금 | V80: 연구 수당 계상 기준 금액
F81: 직접비 | R81: 간접비 | S81: 합계
F82: 인건비 | G82: 학생인건비 | I82: 연구시설·장비비 | K82: 연구 재료비 | L82: 위탁연구 개발비 | M82: 국제공동연구 개발비 | N82: 연구개발 부담비 | O82: 연구 활동비 | P82: 연구 수당 | Q82: 소계
G83: 일반 | H83: 특례 | I83: 일반 | J83: 특례
D84: 1 | E84: 현금 | F84: =F110+F135+F160+F185+F210+F235+F260 -> 0 | G84: =G110+G135+G160+G185+G210+G235+G260 -> 0 | H84: =H110+H135+H160+H185+H210+H235+H260 -> 0 | I84: =I110+I135+I160+I185+I210+I235+I260 -> 0 | J84: =J110+J135+J160+J185+J210+J235+J260 -> 0 | K84: =K110+K135+K160+K185+K210+K235+K260 -> 0 | L84: =L110+L135+L160+L185+L210+L235+L260 -> 0 | M84: =M110+M135+M160+M185+M210+M235+M260 -> 0 | ... S84: =S110+S135+S160+S185+S210+S235+S260 -> 0
E85: 현물 | F85: =F111+F136+F161+F186+F211+F236+F261 -> 0 | G85: =G111+G136+G161+G186+G211+G236+G261 -> 0 | H85: =H111+H136+H161+H186+H211+H236+H261 -> 0 | I85: =I111+I136+I161+I186+I211+I236+I261 -> 0 | J85: =J111+J136+J161+J186+J211+J236+J261 -> 0 | K85: =K111+K136+K161+K186+K211+K236+K261 -> 0 | L85: =L111+L136+L161+L186+L211+L236+L261 -> 0 | M85: =M111+M136+M161+M186+M211+M236+M261 -> 0 | ... S85: =S111+S136+S161+S186+S211+S236+S261 -> 0
E86: 소계 | F86: =F112+F137+F162+F187+F212+F237+F262 -> 0 | G86: =G112+G137+G162+G187+G212+G237+G262 -> 0 | H86: =H112+H137+H162+H187+H212+H237+H262 -> 0 | I86: =I112+I137+I162+I187+I212+I237+I262 -> 0 | J86: =J112+J137+J162+J187+J212+J237+J262 -> 0 | K86: =K112+K137+K162+K187+K212+K237+K262 -> 0 | L86: =L112+L137+L162+L187+L212+L237+L262 -> 0 | M86: =M112+M137+M162+M187+M212+M237+M262 -> 0 | ... S86: =S112+S137+S162+S187+S212+S237+S262 -> 0
D87: 2 | E87: 현금 | F87: =F113+F138+F163+F188+F213+F238+F263 -> 0 | G87: =G113+G138+G163+G188+G213+G238+G263 -> 0 | H87: =H113+H138+H163+H188+H213+H238+H263 -> 0 | I87: =I113+I138+I163+I188+I213+I238+I263 -> 0 | J87: =J113+J138+J163+J188+J213+J238+J263 -> 0 | K87: =K113+K138+K163+K188+K213+K238+K263 -> 0 | L87: =L113+L138+L163+L188+L213+L238+L263 -> 0 | M87: =M113+M138+M163+M188+M213+M238+M263 -> 0 | ... S87: =S113+S138+S163+S188+S213+S238+S263 -> 0
E88: 현물 | F88: =F114+F139+F164+F189+F214+F239+F264 -> 0 | G88: =G114+G139+G164+G189+G214+G239+G264 -> 0 | H88: =H114+H139+H164+H189+H214+H239+H264 -> 0 | I88: =I114+I139+I164+I189+I214+I239+I264 -> 0 | J88: =J114+J139+J164+J189+J214+J239+J264 -> 0 | K88: =K114+K139+K164+K189+K214+K239+K264 -> 0 | L88: =L114+L139+L164+L189+L214+L239+L264 -> 0 | M88: =M114+M139+M164+M189+M214+M239+M264 -> 0 | ... S88: =S114+S139+S164+S189+S214+S239+S264 -> 0
E89: 소계 | F89: =F115+F140+F165+F190+F215+F240+F265 -> 0 | G89: =G115+G140+G165+G190+G215+G240+G265 -> 0 | H89: =H115+H140+H165+H190+H215+H240+H265 -> 0 | I89: =I115+I140+I165+I190+I215+I240+I265 -> 0 | J89: =J115+J140+J165+J190+J215+J240+J265 -> 0 | K89: =K115+K140+K165+K190+K215+K240+K265 -> 0 | L89: =L115+L140+L165+L190+L215+L240+L265 -> 0 | M89: =M115+M140+M165+M190+M215+M240+M265 -> 0 | ... S89: =S115+S140+S165+S190+S215+S240+S265 -> 0
D90: 3 | E90: 현금 | F90: =F116+F141+F166+F191+F216+F241+F266 -> 0 | G90: =G116+G141+G166+G191+G216+G241+G266 -> 0 | H90: =H116+H141+H166+H191+H216+H241+H266 -> 0 | I90: =I116+I141+I166+I191+I216+I241+I266 -> 0 | J90: =J116+J141+J166+J191+J216+J241+J266 -> 0 | K90: =K116+K141+K166+K191+K216+K241+K266 -> 0 | L90: =L116+L141+L166+L191+L216+L241+L266 -> 0 | M90: =M116+M141+M166+M191+M216+M241+M266 -> 0 | ... S90: =S116+S141+S166+S191+S216+S241+S266 -> 0
E91: 현물 | F91: =F117+F142+F167+F192+F217+F242+F267 -> 0 | G91: =G117+G142+G167+G192+G217+G242+G267 -> 0 | H91: =H117+H142+H167+H192+H217+H242+H267 -> 0 | I91: =I117+I142+I167+I192+I217+I242+I267 -> 0 | J91: =J117+J142+J167+J192+J217+J242+J267 -> 0 | K91: =K117+K142+K167+K192+K217+K242+K267 -> 0 | L91: =L117+L142+L167+L192+L217+L242+L267 -> 0 | M91: =M117+M142+M167+M192+M217+M242+M267 -> 0 | ... S91: =S117+S142+S167+S192+S217+S242+S267 -> 0
E92: 소계 | F92: =F118+F143+F168+F193+F218+F243+F268 -> 0 | G92: =G118+G143+G168+G193+G218+G243+G268 -> 0 | H92: =H118+H143+H168+H193+H218+H243+H268 -> 0 | I92: =I118+I143+I168+I193+I218+I243+I268 -> 0 | J92: =J118+J143+J168+J193+J218+J243+J268 -> 0 | K92: =K118+K143+K168+K193+K218+K243+K268 -> 0 | L92: =L118+L143+L168+L193+L218+L243+L268 -> 0 | M92: =M118+M143+M168+M193+M218+M243+M268 -> 0 | ... S92: =S118+S143+S168+S193+S218+S243+S268 -> 0
D93: 4 | E93: 현금 | F93: =F119+F144+F169+F194+F219+F244+F269 -> 0 | G93: =G119+G144+G169+G194+G219+G244+G269 -> 0 | H93: =H119+H144+H169+H194+H219+H244+H269 -> 0 | I93: =I119+I144+I169+I194+I219+I244+I269 -> 0 | J93: =J119+J144+J169+J194+J219+J244+J269 -> 0 | K93: =K119+K144+K169+K194+K219+K244+K269 -> 0 | L93: =L119+L144+L169+L194+L219+L244+L269 -> 0 | M93: =M119+M144+M169+M194+M219+M244+M269 -> 0 | ... S93: =S119+S144+S169+S194+S219+S244+S269 -> 0
E94: 현물 | F94: =F120+F145+F170+F195+F220+F245+F270 -> 0 | G94: =G120+G145+G170+G195+G220+G245+G270 -> 0 | H94: =H120+H145+H170+H195+H220+H245+H270 -> 0 | I94: =I120+I145+I170+I195+I220+I245+I270 -> 0 | J94: =J120+J145+J170+J195+J220+J245+J270 -> 0 | K94: =K120+K145+K170+K195+K220+K245+K270 -> 0 | L94: =L120+L145+L170+L195+L220+L245+L270 -> 0 | M94: =M120+M145+M170+M195+M220+M245+M270 -> 0 | ... S94: =S120+S145+S170+S195+S220+S245+S270 -> 0
E95: 소계 | F95: =F121+F146+F171+F196+F221+F246+F271 -> 0 | G95: =G121+G146+G171+G196+G221+G246+G271 -> 0 | H95: =H121+H146+H171+H196+H221+H246+H271 -> 0 | I95: =I121+I146+I171+I196+I221+I246+I271 -> 0 | J95: =J121+J146+J171+J196+J221+J246+J271 -> 0 | K95: =K121+K146+K171+K196+K221+K246+K271 -> 0 | L95: =L121+L146+L171+L196+L221+L246+L271 -> 0 | M95: =M121+M146+M171+M196+M221+M246+M271 -> 0 | ... S95: =S121+S146+S171+S196+S221+S246+S271 -> 0
D96: 5 | E96: 현금 | F96: =F122+F147+F172+F197+F222+F247+F272 -> 0 | G96: =G122+G147+G172+G197+G222+G247+G272 -> 0 | H96: =H122+H147+H172+H197+H222+H247+H272 -> 0 | I96: =I122+I147+I172+I197+I222+I247+I272 -> 0 | J96: =J122+J147+J172+J197+J222+J247+J272 -> 0 | K96: =K122+K147+K172+K197+K222+K247+K272 -> 0 | L96: =L122+L147+L172+L197+L222+L247+L272 -> 0 | M96: =M122+M147+M172+M197+M222+M247+M272 -> 0 | ... S96: =S122+S147+S172+S197+S222+S247+S272 -> 0
E97: 현물 | F97: =F123+F148+F173+F198+F223+F248+F273 -> 0 | G97: =G123+G148+G173+G198+G223+G248+G273 -> 0 | H97: =H123+H148+H173+H198+H223+H248+H273 -> 0 | I97: =I123+I148+I173+I198+I223+I248+I273 -> 0 | J97: =J123+J148+J173+J198+J223+J248+J273 -> 0 | K97: =K123+K148+K173+K198+K223+K248+K273 -> 0 | L97: =L123+L148+L173+L198+L223+L248+L273 -> 0 | M97: =M123+M148+M173+M198+M223+M248+M273 -> 0 | ... S97: =S123+S148+S173+S198+S223+S248+S273 -> 0
E98: 소계 | F98: =F124+F149+F174+F199+F224+F249+F274 -> 0 | G98: =G124+G149+G174+G199+G224+G249+G274 -> 0 | H98: =H124+H149+H174+H199+H224+H249+H274 -> 0 | I98: =I124+I149+I174+I199+I224+I249+I274 -> 0 | J98: =J124+J149+J174+J199+J224+J249+J274 -> 0 | K98: =K124+K149+K174+K199+K224+K249+K274 -> 0 | L98: =L124+L149+L174+L199+L224+L249+L274 -> 0 | M98: =M124+M149+M174+M199+M224+M249+M274 -> 0 | ... S98: =S124+S149+S174+S199+S224+S249+S274 -> 0
D99: 총계 | E99: 현금 | F99: =F125+F150+F175+F200+F225+F250+F275 -> 0 | G99: =G125+G150+G175+G200+G225+G250+G275 -> 0 | H99: =H125+H150+H175+H200+H225+H250+H275 -> 0 | I99: =I125+I150+I175+I200+I225+I250+I275 -> 0 | J99: =J125+J150+J175+J200+J225+J250+J275 -> 0 | K99: =K125+K150+K175+K200+K225+K250+K275 -> 0 | L99: =L125+L150+L175+L200+L225+L250+L275 -> 0 | M99: =M125+M150+M175+M200+M225+M250+M275 -> 0 | ... S99: =S125+S150+S175+S200+S225+S250+S275 -> 0
E100: 현물 | F100: =F126+F151+F176+F201+F226+F251+F276 -> 0 | G100: =G126+G151+G176+G201+G226+G251+G276 -> 0 | H100: =H126+H151+H176+H201+H226+H251+H276 -> 0 | I100: =I126+I151+I176+I201+I226+I251+I276 -> 0 | J100: =J126+J151+J176+J201+J226+J251+J276 -> 0 | K100: =K126+K151+K176+K201+K226+K251+K276 -> 0 | L100: =L126+L151+L176+L201+L226+L251+L276 -> 0 | M100: =M126+M151+M176+M201+M226+M251+M276 -> 0 | ... S100: =S126+S151+S176+S201+S226+S251+S276 -> 0
E101: 합계 | F101: =F127+F152+F177+F202+F227+F252+F277 -> 0 | G101: =G127+G152+G177+G202+G227+G252+G277 -> 0 | H101: =H127+H152+H177+H202+H227+H252+H277 -> 0 | I101: =I127+I152+I177+I202+I227+I252+I277 -> 0 | J101: =J127+J152+J177+J202+J227+J252+J277 -> 0 | K101: =K127+K152+K177+K202+K227+K252+K277 -> 0 | L101: =L127+L152+L177+L202+L227+L252+L277 -> 0 | M101: =M127+M152+M177+M202+M227+M252+M277 -> 0 | ... S101: =S127+S152+S177+S202+S227+S252+S277 -> 0
C103: 2-2-3. 연구개발기관별-연차별 사용계획
D104: 가. 공동연구개발기관명 :
...

Sheet 연구개발비(4세부)
B2: 2-1. 연구개발비 지원.부담계획
D3: 구분 | G3: 정부지원 | H3: 기관부담 | K3: 그 외 기관 등의 지원금 | Q3: 합 계
G4: 연구개발비 | H4: 연구개발비 | K4: 지방자치단체 | N4: 기타( )
D5: 단계 | E5: 연차 | F5: 연구개발기관명 | G5: 현금 | H5: 현금 | I5: 현물 | J5: 소계 | K5: 현금 | L5: 현물 | M5: 소계 | N5: 현금 | O5: 현물 | P5: 소계 | Q5: 현금 | R5: 현물 | S5: 합계
F6: (기관역할1｣)
D7: 1 | E7: 1 | J7: =SUM(H7:I7) -> 0 | K7: 0 | L7: 0 | M7: =SUM(K7:L7) -> 0 | N7: 0 | O7: 0 | P7: =SUM(N7:O7) -> 0 | Q7: =G7+H7+K7+N7 -> 0 | R7: =I7+L7+O7 -> 0 | S7: =SUM(Q7:R7) -> 0
J8: =SUM(H8:I8) -> 0 | K8: 0 | L8: 0 | M8: =SUM(K8:L8) -> 0 | N8: 0 | O8: 0 | P8: =SUM(N8:O8) -> 0 | Q8: =G8+H8+K8+N8 -> 0 | R8: =I8+L8+O8 -> 0 | S8: =SUM(Q8:R8) -> 0
J9: =SUM(H9:I9) -> 0 | K9: 0 | L9: 0 | M9: =SUM(K9:L9) -> 0 | N9: 0 | O9: 0 | P9: =SUM(N9:O9) -> 0 | Q9: =G9+H9+K9+N9 -> 0 | R9: =I9+L9+O9 -> 0 | S9: =SUM(Q9:R9) -> 0
J10: =SUM(H10:I10) -> 0 | K10: 0 | L10: 0 | M10: =SUM(K10:L10) -> 0 | N10: 0 | O10: 0 | P10: =SUM(N10:O10) -> 0 | Q10: =G10+H10+K10+N10 -> 0 | R10: =I10+L10+O10 -> 0 | S10: =SUM(Q10:R10) -> 0
J11: =SUM(H11:I11) -> 0 | K11: 0 | L11: 0 | M11: =SUM(K11:L11) -> 0 | N11: 0 | O11: 0 | P11: =SUM(N11:O11) -> 0 | Q11: =G11+H11+K11+N11 -> 0 | R11: =I11+L11+O11 -> 0 | S11: =SUM(Q11:R11) -> 0
J12: =SUM(H12:I12) -> 0 | K12: 0 | L12: 0 | M12: =SUM(K12:L12) -> 0 | N12: 0 | O12: 0 | P12: =SUM(N12:O12) -> 0 | Q12: =G12+H12+K12+N12 -> 0 | R12: =I12+L12+O12 -> 0 | S12: =SUM(Q12:R12) -> 0
J13: =SUM(H13:I13) -> 0 | K13: 0 | L13: 0 | M13: =SUM(K13:L13) -> 0 | N13: 0 | O13: 0 | P13: =SUM(N13:O13) -> 0 | Q13: =G13+H13+K13+N13 -> 0 | R13: =I13+L13+O13 -> 0 | S13: =SUM(Q13:R13) -> 0
E14: 2 | J14: =SUM(H14:I14) -> 0 | K14: 0 | L14: 0 | M14: =SUM(K14:L14) -> 0 | N14: 0 | O14: 0 | P14: =SUM(N14:O14) -> 0 | Q14: =G14+H14+K14+N14 -> 0 | R14: =I14+L14+O14 -> 0 | S14: =SUM(Q14:R14) -> 0
J15: =SUM(H15:I15) -> 0 | K15: 0 | L15: 0 | M15: =SUM(K15:L15) -> 0 | N15: 0 | O15: 0 | P15: =SUM(N15:O15) -> 0 | Q15: =G15+H15+K15+N15 -> 0 | R15: =I15+L15+O15 -> 0 | S15: =SUM(Q15:R15) -> 0
J16: =SUM(H16:I16) -> 0 | K16: 0 | L16: 0 | M16: =SUM(K16:L16) -> 0 | N16: 0 | O16: 0 | P16: =SUM(N16:O16) -> 0 | Q16: =G16+H16+K16+N16 -> 0 | R16: =I16+L16+O16 -> 0 | S16: =SUM(Q16:R16) -> 0
J17: =SUM(H17:I17) -> 0 | K17: 0 | L17: 0 | M17: =SUM(K17:L17) -> 0 | N17: 0 | O17: 0 | P17: =SUM(N17:O17) -> 0 | Q17: =G17+H17+K17+N17 -> 0 | R17: =I17+L17+O17 -> 0 | S17: =SUM(Q17:R17) -> 0
J18: =SUM(H18:I18) -> 0 | K18: 0 | L18: 0 | M18: =SUM(K18:L18) -> 0 | N18: 0 | O18: 0 | P18: =SUM(N18:O18) -> 0 | Q18: =G18+H18+K18+N18 -> 0 | R18: =I18+L18+O18 -> 0 | S18: =SUM(Q18:R18) -> 0
J19: =SUM(H19:I19) -> 0 | K19: 0 | L19: 0 | M19: =SUM(K19:L19) -> 0 | N19: 0 | O19: 0 | P19: =SUM(N19:O19) -> 0 | Q19: =G19+H19+K19+N19 -> 0 | R19: =I19+L19+O19 -> 0 | S19: =SUM(Q19:R19) -> 0
J20: =SUM(H20:I20) -> 0 | K20: 0 | L20: 0 | M20: =SUM(K20:L20) -> 0 | N20: 0 | O20: 0 | P20: =SUM(N20:O20) -> 0 | Q20: =G20+H20+K20+N20 -> 0 | R20: =I20+L20+O20 -> 0 | S20: =SUM(Q20:R20) -> 0
E21: 3 | J21: =SUM(H21:I21) -> 0 | K21: 0 | L21: 0 | M21: =SUM(K21:L21) -> 0 | N21: 0 | O21: 0 | P21: =SUM(N21:O21) -> 0 | Q21: =G21+H21+K21+N21 -> 0 | R21: =I21+L21+O21 -> 0 | S21: =SUM(Q21:R21) -> 0
J22: =SUM(H22:I22) -> 0 | K22: 0 | L22: 0 | M22: =SUM(K22:L22) -> 0 | N22: 0 | O22: 0 | P22: =SUM(N22:O22) -> 0 | Q22: =G22+H22+K22+N22 -> 0 | R22: =I22+L22+O22 -> 0 | S22: =SUM(Q22:R22) -> 0
J23: =SUM(H23:I23) -> 0 | K23: 0 | L23: 0 | M23: =SUM(K23:L23) -> 0 | N23: 0 | O23: 0 | P23: =SUM(N23:O23) -> 0 | Q23: =G23+H23+K23+N23 -> 0 | R23: =I23+L23+O23 -> 0 | S23: =SUM(Q23:R23) -> 0
J24: =SUM(H24:I24) -> 0 | K24: 0 | L24: 0 | M24: =SUM(K24:L24) -> 0 | N24: 0 | O24: 0 | P24: =SUM(N24:O24) -> 0 | Q24: =G24+H24+K24+N24 -> 0 | R24: =I24+L24+O24 -> 0 | S24: =SUM(Q24:R24) -> 0
J25: =SUM(H25:I25) -> 0 | K25: 0 | L25: 0 | M25: =SUM(K25:L25) -> 0 | N25: 0 | O25: 0 | P25: =SUM(N25:O25) -> 0 | Q25: =G25+H25+K25+N25 -> 0 | R25: =I25+L25+O25 -> 0 | S25: =SUM(Q25:R25) -> 0
J26: =SUM(H26:I26) -> 0 | K26: 0 | L26: 0 | M26: =SUM(K26:L26) -> 0 | N26: 0 | O26: 0 | P26: =SUM(N26:O26) -> 0 | Q26: =G26+H26+K26+N26 -> 0 | R26: =I26+L26+O26 -> 0 | S26: =SUM(Q26:R26) -> 0
J27: =SUM(H27:I27) -> 0 | K27: 0 | L27: 0 | M27: =SUM(K27:L27) -> 0 | N27: 0 | O27: 0 | P27: =SUM(N27:O27) -> 0 | Q27: =G27+H27+K27+N27 -> 0 | R27: =I27+L27+O27 -> 0 | S27: =SUM(Q27:R27) -> 0
E28: 소계 | G28: =SUM(G7:G27) -> 0 | H28: =SUM(H7:H27) -> 0 | I28: =SUM(I7:I27) -> 0 | J28: =SUM(J7:J27) -> 0 | K28: =SUM(K7:K27) -> 0 | L28: =SUM(L7:L27) -> 0 | M28: =SUM(M7:M27) -> 0 | N28: =SUM(N7:N27) -> 0 | ... S28: =SUM(S7:S27) -> 0
D29: 2 | E29: 4 | J29: =SUM(H29:I29) -> 0 | K29: 0 | L29: 0 | M29: =SUM(K29:L29) -> 0 | N29: 0 | O29: 0 | P29: =SUM(N29:O29) -> 0 | Q29: =G29+H29+K29+N29 -> 0 | R29: =I29+L29+O29 -> 0 | S29: =SUM(Q29:R29) -> 0
J30: =SUM(H30:I30) -> 0 | K30: 0 | L30: 0 | M30: =SUM(K30:L30) -> 0 | N30: 0 | O30: 0 | P30: =SUM(N30:O30) -> 0 | Q30: =G30+H30+K30+N30 -> 0 | R30: =I30+L30+O30 -> 0 | S30: =SUM(Q30:R30) -> 0
J31: =SUM(H31:I31) -> 0 | K31: 0 | L31: 0 | M31: =SUM(K31:L31) -> 0 | N31: 0 | O31: 0 | P31: =SUM(N31:O31) -> 0 | Q31: =G31+H31+K31+N31 -> 0 | R31: =I31+L31+O31 -> 0 | S31: =SUM(Q31:R31) -> 0
J32: =SUM(H32:I32) -> 0 | K32: 0 | L32: 0 | M32: =SUM(K32:L32) -> 0 | N32: 0 | O32: 0 | P32: =SUM(N32:O32) -> 0 | Q32: =G32+H32+K32+N32 -> 0 | R32: =I32+L32+O32 -> 0 | S32: =SUM(Q32:R32) -> 0
J33: =SUM(H33:I33) -> 0 | K33: 0 | L33: 0 | M33: =SUM(K33:L33) -> 0 | N33: 0 | O33: 0 | P33: =SUM(N33:O33) -> 0 | Q33: =G33+H33+K33+N33 -> 0 | R33: =I33+L33+O33 -> 0 | S33: =SUM(Q33:R33) -> 0
J34: =SUM(H34:I34) -> 0 | K34: 0 | L34: 0 | M34: =SUM(K34:L34) -> 0 | N34: 0 | O34: 0 | P34: =SUM(N34:O34) -> 0 | Q34: =G34+H34+K34+N34 -> 0 | R34: =I34+L34+O34 -> 0 | S34: =SUM(Q34:R34) -> 0
J35: =SUM(H35:I35) -> 0 | K35: 0 | L35: 0 | M35: =SUM(K35:L35) -> 0 | N35: 0 | O35: 0 | P35: =SUM(N35:O35) -> 0 | Q35: =G35+H35+K35+N35 -> 0 | R35: =I35+L35+O35 -> 0 | S35: =SUM(Q35:R35) -> 0
E36: 5 | J36: =SUM(H36:I36) -> 0 | K36: 0 | L36: 0 | M36: =SUM(K36:L36) -> 0 | N36: 0 | O36: 0 | P36: =SUM(N36:O36) -> 0 | Q36: =G36+H36+K36+N36 -> 0 | R36: =I36+L36+O36 -> 0 | S36: =SUM(Q36:R36) -> 0
J37: =SUM(H37:I37) -> 0 | K37: 0 | L37: 0 | M37: =SUM(K37:L37) -> 0 | N37: 0 | O37: 0 | P37: =SUM(N37:O37) -> 0 | Q37: =G37+H37+K37+N37 -> 0 | R37: =I37+L37+O37 -> 0 | S37: =SUM(Q37:R37) -> 0
J38: =SUM(H38:I38) -> 0 | K38: 0 | L38: 0 | M38: =SUM(K38:L38) -> 0 | N38: 0 | O38: 0 | P38: =SUM(N38:O38) -> 0 | Q38: =G38+H38+K38+N38 -> 0 | R38: =I38+L38+O38 -> 0 | S38: =SUM(Q38:R38) -> 0
J39: =SUM(H39:I39) -> 0 | K39: 0 | L39: 0 | M39: =SUM(K39:L39) -> 0 | N39: 0 | O39: 0 | P39: =SUM(N39:O39) -> 0 | Q39: =G39+H39+K39+N39 -> 0 | R39: =I39+L39+O39 -> 0 | S39: =SUM(Q39:R39) -> 0
J40: =SUM(H40:I40) -> 0 | K40: 0 | L40: 0 | M40: =SUM(K40:L40) -> 0 | N40: 0 | O40: 0 | P40: =SUM(N40:O40) -> 0 | Q40: =G40+H40+K40+N40 -> 0 | R40: =I40+L40+O40 -> 0 | S40: =SUM(Q40:R40) -> 0
J41: =SUM(H41:I41) -> 0 | K41: 0 | L41: 0 | M41: =SUM(K41:L41) -> 0 | N41: 0 | O41: 0 | P41: =SUM(N41:O41) -> 0 | Q41: =G41+H41+K41+N41 -> 0 | R41: =I41+L41+O41 -> 0 | S41: =SUM(Q41:R41) -> 0
J42: =SUM(H42:I42) -> 0 | K42: 0 | L42: 0 | M42: =SUM(K42:L42) -> 0 | N42: 0 | O42: 0 | P42: =SUM(N42:O42) -> 0 | Q42: =G42+H42+K42+N42 -> 0 | R42: =I42+L42+O42 -> 0 | S42: =SUM(Q42:R42) -> 0
E43: 소계 | G43: =SUM(G29:G42) -> 0 | H43: =SUM(H29:H42) -> 0 | I43: =SUM(I29:I42) -> 0 | J43: =SUM(J29:J42) -> 0 | K43: =SUM(K29:K42) -> 0 | L43: =SUM(L29:L42) -> 0 | M43: =SUM(M29:M42) -> 0 | N43: =SUM(N29:N42) -> 0 | ... S43: =SUM(S29:S42) -> 0
D44: 총계 | G44: =G28+G43 -> 0 | H44: =H28+H43 -> 0 | I44: =I28+I43 -> 0 | J44: =J28+J43 -> 0 | K44: =K28+K43 -> 0 | L44: =L28+L43 -> 0 | M44: =M28+M43 -> 0 | N44: =N28+N43 -> 0 | ... S44: =S28+S43 -> 0
B46: 2-2. 연구개발비 사용계획
C47: 2-2-1. 연차개발기관별 사용계획
U48: (단위: 천원)
D49: 연구개발기관명 | F49: 연구개발비 | U49: 연구 개발비 외 지원금 | V49: 연구 수당 계상 기준 금액
F50: 직접비 | R50: 간접비 | S50: 합계
F51: 인건비 | G51: 학생인건비 | I51: 연구시설·장비비 | K51: 연구 재료비 | L51: 위탁연구 개발비 | M51: 국제공동연구 개발비 | N51: 연구개발 부담비 | O51: 연구 활동비 | P51: 연구 수당 | Q51: 소계
G52: 일반 | H52: 특례 | I52: 일반 | J52: 특례
E53: 현금 | F53: =F125 -> 0 | G53: =G125 -> 0 | H53: =H125 -> 0 | I53: =I125 -> 0 | J53: =J125 -> 0 | K53: =K125 -> 0 | L53: =L125 -> 0 | M53: =M125 -> 0 | ... S53: =S125 -> 0
E54: 현물 | F54: =F126 -> 0 | G54: =G126 -> 0 | H54: =H126 -> 0 | I54: =I126 -> 0 | J54: =J126 -> 0 | K54: =K126 -> 0 | L54: =L126 -> 0 | M54: =M126 -> 0 | ... S54: =S126 -> 0
E55: 소계 | F55: =F127 -> 0 | G55: =G127 -> 0 | H55: =H127 -> 0 | I55: =I127 -> 0 | J55: =J127 -> 0 | K55: =K127 -> 0 | L55: =L127 -> 0 | M55: =M127 -> 0 | ... S55: =S127 -> 0
E56: 현금 | F56: =F150 -> 0 | G56: =G150 -> 0 | H56: =H150 -> 0 | I56: =I150 -> 0 | J56: =J150 -> 0 | K56: =K150 -> 0 | L56: =L150 -> 0 | M56: =M150 -> 0 | ... S56: =S150 -> 0
E57: 현물 | F57: =F151 -> 0 | G57: =G151 -> 0 | H57: =H151 -> 0 | I57: =I151 -> 0 | J57: =J151 -> 0 | K57: =K151 -> 0 | L57: =L151 -> 0 | M57: =M151 -> 0 | ... S57: =S151 -> 0
E58: 소계 | F58: =F152 -> 0 | G58: =G152 -> 0 | H58: =H152 -> 0 | I58: =I152 -> 0 | J58: =J152 -> 0 | K58: =K152 -> 0 | L58: =L152 -> 0 | M58: =M152 -> 0 | ... S58: =S152 -> 0
E59: 현금 | F59: =F175 -> 0 | G59: =G175 -> 0 | H59: =H175 -> 0 | I59: =I175 -> 0 | J59: =J175 -> 0 | K59: =K175 -> 0 | L59: =L175 -> 0 | M59: =M175 -> 0 | ... S59: =S175 -> 0
E60: 현물 | F60: =F176 -> 0 | G60: =G176 -> 0 | H60: =H176 -> 0 | I60: =I176 -> 0 | J60: =J176 -> 0 | K60: =K176 -> 0 | L60: =L176 -> 0 | M60: =M176 -> 0 | ... S60: =S176 -> 0
E61: 소계 | F61: =F177 -> 0 | G61: =G177 -> 0 | H61: =H177 -> 0 | I61: =I177 -> 0 | J61: =J177 -> 0 | K61: =K177 -> 0 | L61: =L177 -> 0 | M61: =M177 -> 0 | ... S61: =S177 -> 0
E62: 현금 | F62: =F200 -> 0 | G62: =G200 -> 0 | H62: =H200 -> 0 | I62: =I200 -> 0 | J62: =J200 -> 0 | K62: =K200 -> 0 | L62: =L200 -> 0 | M62: =M200 -> 0 | ... S62: =S200 -> 0
E63: 현물 | F63: =F201 -> 0 | G63: =G201 -> 0 | H63: =H201 -> 0 | I63: =I201 -> 0 | J63: =J201 -> 0 | K63: =K201 -> 0 | L63: =L201 -> 0 | M63: =M201 -> 0 | ... S63: =S201 -> 0
E64: 소계 | F64: =F202 -> 0 | G64: =G202 -> 0 | H64: =H202 -> 0 | I64: =I202 -> 0 | J64: =J202 -> 0 | K64: =K202 -> 0 | L64: =L202 -> 0 | M64: =M202 -> 0 | ... S64: =S202 -> 0
E65: 현금 | F65: =F225 -> 0 | G65: =G225 -> 0 | H65: =H225 -> 0 | I65: =I225 -> 0 | J65: =J225 -> 0 | K65: =K225 -> 0 | L65: =L225 -> 0 | M65: =M225 -> 0 | ... S65: =S225 -> 0
E66: 현물 | F66: =F226 -> 0 | G66: =G226 -> 0 | H66: =H226 -> 0 | I66: =I226 -> 0 | J66: =J226 -> 0 | K66: =K226 -> 0 | L66: =L226 -> 0 | M66: =M226 -> 0 | ... S66: =S226 -> 0
E67: 소계 | F67: =F227 -> 0 | G67: =G227 -> 0 | H67: =H227 -> 0 | I67: =I227 -> 0 | J67: =J227 -> 0 | K67: =K227 -> 0 | L67: =L227 -> 0 | M67: =M227 -> 0 | ... S67: =S227 -> 0
E68: 현금 | F68: =F250 -> 0 | G68: =G250 -> 0 | H68: =H250 -> 0 | I68: =I250 -> 0 | J68: =J250 -> 0 | K68: =K250 -> 0 | L68: =L250 -> 0 | M68: =M250 -> 0 | ... S68: =S250 -> 0
E69: 현물 | F69: =F251 -> 0 | G69: =G251 -> 0 | H69: =H251 -> 0 | I69: =I251 -> 0 | J69: =J251 -> 0 | K69: =K251 -> 0 | L69: =L251 -> 0 | M69: =M251 -> 0 | ... S69: =S251 -> 0
E70: 소계 | F70: =F252 -> 0 | G70: =G252 -> 0 | H70: =H252 -> 0 | I70: =I252 -> 0 | J70: =J252 -> 0 | K70: =K252 -> 0 | L70: =L252 -> 0 | M70: =M252 -> 0 | ... S70: =S252 -> 0
E71: 현금 | F71: =F275 -> 0 | G71: =G275 -> 0 | H71: =H275 -> 0 | I71: =I275 -> 0 | J71: =J275 -> 0 | K71: =K275 -> 0 | L71: =L275 -> 0 | M71: =M275 -> 0 | ... S71: =S275 -> 0
E72: 현물 | F72: =F276 -> 0 | G72: =G276 -> 0 | H72: =H276 -> 0 | I72: =I276 -> 0 | J72: =J276 -> 0 | K72: =K276 -> 0 | L72: =L276 -> 0 | M72: =M276 -> 0 | ... S72: =S276 -> 0
E73: 소계 | F73: =F277 -> 0 | G73: =G277 -> 0 | H73: =H277 -> 0 | I73: =I277 -> 0 | J73: =J277 -> 0 | K73: =K277 -> 0 | L73: =L277 -> 0 | M73: =M277 -> 0 | ... S73: =S277 -> 0
D74: 총계 | E74: 현금 | F74: =F53+F56+F59+F62+F65+F68+F71 -> 0 | G74: =G53+G56+G59+G62+G65+G68+G71 -> 0 | H74: =H53+H56+H59+H62+H65+H68+H71 -> 0 | I74: =I53+I56+I59+I62+I65+I68+I71 -> 0 | J74: =J53+J56+J59+J62+J65+J68+J71 -> 0 | K74: =K53+K56+K59+K62+K65+K68+K71 -> 0 | L74: =L53+L56+L59+L62+L65+L68+L71 -> 0 | M74: =M53+M56+M59+M62+M65+M68+M71 -> 0 | ... S74: =S53+S56+S59+S62+S65+S68+S71 -> 0
E75: 현물 | F75: =F54+F57+F60+F63+F66+F69+F72 -> 0 | G75: =G54+G57+G60+G63+G66+G69+G72 -> 0 | H75: =H54+H57+H60+H63+H66+H69+H72 -> 0 | I75: =I54+I57+I60+I63+I66+I69+I72 -> 0 | J75: =J54+J57+J60+J63+J66+J69+J72 -> 0 | K75: =K54+K57+K60+K63+K66+K69+K72 -> 0 | L75: =L54+L57+L60+L63+L66+L69+L72 -> 0 | M75: =M54+M57+M60+M63+M66+M69+M72 -> 0 | ... S75: =S54+S57+S60+S63+S66+S69+S72 -> 0
E76: 합계 | F76: =F55+F58+F61+F64+F67+F70+F73 -> 0 | G76: =G55+G58+G61+G64+G67+G70+G73 -> 0 | H76: =H55+H58+H61+H64+H67+H70+H73 -> 0 | I76: =I55+I58+I61+I64+I67+I70+I73 -> 0 | J76: =J55+J58+J61+J64+J67+J70+J73 -> 0 | K76: =K55+K58+K61+K64+K67+K70+K73 -> 0 | L76: =L55+L58+L61+L64+L67+L70+L73 -> 0 | M76: =M55+M58+M61+M64+M67+M70+M73 -> 0 | ... S76: =S55+S58+S61+S64+S67+S70+S73 -> 0
C78: 2-2-2. 연차별 사용계획
U79: (단위: 천원)
D80: 연차 | F80: 연구개발비 | U80: 연구 개발비 외 지원금 | V80: 연구 수당 계상 기준 금액
F81: 직접비 | R81: 간접비 | S81: 합계
F82: 인건비 | G82: 학생인건비 | I82: 연구시설·장비비 | K82: 연구 재료비 | L82: 위탁연구 개발비 | M82: 국제공동연구 개발비 | N82: 연구개발 부담비 | O82: 연구 활동비 | P82: 연구 수당 | Q82: 소계
G83: 일반 | H83: 특례 | I83: 일반 | J83: 특례
D84: 1 | E84: 현금 | F84: =F110+F135+F160+F185+F210+F235+F260 -> 0 | G84: =G110+G135+G160+G185+G210+G235+G260 -> 0 | H84: =H110+H135+H160+H185+H210+H235+H260 -> 0 | I84: =I110+I135+I160+I185+I210+I235+I260 -> 0 | J84: =J110+J135+J160+J185+J210+J235+J260 -> 0 | K84: =K110+K135+K160+K185+K210+K235+K260 -> 0 | L84: =L110+L135+L160+L185+L210+L235+L260 -> 0 | M84: =M110+M135+M160+M185+M210+M235+M260 -> 0 | ... S84: =S110+S135+S160+S185+S210+S235+S260 -> 0
E85: 현물 | F85: =F111+F136+F161+F186+F211+F236+F261 -> 0 | G85: =G111+G136+G161+G186+G211+G236+G261 -> 0 | H85: =H111+H136+H161+H186+H211+H236+H261 -> 0 | I85: =I111+I136+I161+I186+I211+I236+I261 -> 0 | J85: =J111+J136+J161+J186+J211+J236+J261 -> 0 | K85: =K111+K136+K161+K186+K211+K236+K261 -> 0 | L85: =L111+L136+L161+L186+L211+L236+L261 -> 0 | M85: =M111+M136+M161+M186+M211+M236+M261 -> 0 | ... S85: =S111+S136+S161+S186+S211+S236+S261 -> 0
E86: 소계 | F86: =F112+F137+F162+F187+F212+F237+F262 -> 0 | G86: =G112+G137+G162+G187+G212+G237+G262 -> 0 | H86: =H112+H137+H162+H187+H212+H237+H262 -> 0 | I86: =I112+I137+I162+I187+I212+I237+I262 -> 0 | J86: =J112+J137+J162+J187+J212+J237+J262 -> 0 | K86: =K112+K137+K162+K187+K212+K237+K262 -> 0 | L86: =L112+L137+L162+L187+L212+L237+L262 -> 0 | M86: =M112+M137+M162+M187+M212+M237+M262 -> 0 | ... S86: =S112+S137+S162+S187+S212+S237+S262 -> 0
D87: 2 | E87: 현금 | F87: =F113+F138+F163+F188+F213+F238+F263 -> 0 | G87: =G113+G138+G163+G188+G213+G238+G263 -> 0 | H87: =H113+H138+H163+H188+H213+H238+H263 -> 0 | I87: =I113+I138+I163+I188+I213+I238+I263 -> 0 | J87: =J113+J138+J163+J188+J213+J238+J263 -> 0 | K87: =K113+K138+K163+K188+K213+K238+K263 -> 0 | L87: =L113+L138+L163+L188+L213+L238+L263 -> 0 | M87: =M113+M138+M163+M188+M213+M238+M263 -> 0 | ... S87: =S113+S138+S163+S188+S213+S238+S263 -> 0
E88: 현물 | F88: =F114+F139+F164+F189+F214+F239+F264 -> 0 | G88: =G114+G139+G164+G189+G214+G239+G264 -> 0 | H88: =H114+H139+H164+H189+H214+H239+H264 -> 0 | I88: =I114+I139+I164+I189+I214+I239+I264 -> 0 | J88: =J114+J139+J164+J189+J214+J239+J264 -> 0 | K88: =K114+K139+K164+K189+K214+K239+K264 -> 0 | L88: =L114+L139+L164+L189+L214+L239+L264 -> 0 | M88: =M114+M139+M164+M189+M214+M239+M264 -> 0 | ... S88: =S114+S139+S164+S189+S214+S239+S264 -> 0
E89: 소계 | F89: =F115+F140+F165+F190+F215+F240+F265 -> 0 | G89: =G115+G140+G165+G190+G215+G240+G265 -> 0 | H89: =H115+H140+H165+H190+H215+H240+H265 -> 0 | I89: =I115+I140+I165+I190+I215+I240+I265 -> 0 | J89: =J115+J140+J165+J190+J215+J240+J265 -> 0 | K89: =K115+K140+K165+K190+K215+K240+K265 -> 0 | L89: =L115+L140+L165+L190+L215+L240+L265 -> 0 | M89: =M115+M140+M165+M190+M215+M240+M265 -> 0 | ... S89: =S115+S140+S165+S190+S215+S240+S265 -> 0
D90: 3 | E90: 현금 | F90: =F116+F141+F166+F191+F216+F241+F266 -> 0 | G90: =G116+G141+G166+G191+G216+G241+G266 -> 0 | H90: =H116+H141+H166+H191+H216+H241+H266 -> 0 | I90: =I116+I141+I166+I191+I216+I241+I266 -> 0 | J90: =J116+J141+J166+J191+J216+J241+J266 -> 0 | K90: =K116+K141+K166+K191+K216+K241+K266 -> 0 | L90: =L116+L141+L166+L191+L216+L241+L266 -> 0 | M90: =M116+M141+M166+M191+M216+M241+M266 -> 0 | ... S90: =S116+S141+S166+S191+S216+S241+S266 -> 0
E91: 현물 | F91: =F117+F142+F167+F192+F217+F242+F267 -> 0 | G91: =G117+G142+G167+G192+G217+G242+G267 -> 0 | H91: =H117+H142+H167+H192+H217+H242+H267 -> 0 | I91: =I117+I142+I167+I192+I217+I242+I267 -> 0 | J91: =J117+J142+J167+J192+J217+J242+J267 -> 0 | K91: =K117+K142+K167+K192+K217+K242+K267 -> 0 | L91: =L117+L142+L167+L192+L217+L242+L267 -> 0 | M91: =M117+M142+M167+M192+M217+M242+M267 -> 0 | ... S91: =S117+S142+S167+S192+S217+S242+S267 -> 0
E92: 소계 | F92: =F118+F143+F168+F193+F218+F243+F268 -> 0 | G92: =G118+G143+G168+G193+G218+G243+G268 -> 0 | H92: =H118+H143+H168+H193+H218+H243+H268 -> 0 | I92: =I118+I143+I168+I193+I218+I243+I268 -> 0 | J92: =J118+J143+J168+J193+J218+J243+J268 -> 0 | K92: =K118+K143+K168+K193+K218+K243+K268 -> 0 | L92: =L118+L143+L168+L193+L218+L243+L268 -> 0 | M92: =M118+M143+M168+M193+M218+M243+M268 -> 0 | ... S92: =S118+S143+S168+S193+S218+S243+S268 -> 0
D93: 4 | E93: 현금 | F93: =F119+F144+F169+F194+F219+F244+F269 -> 0 | G93: =G119+G144+G169+G194+G219+G244+G269 -> 0 | H93: =H119+H144+H169+H194+H219+H244+H269 -> 0 | I93: =I119+I144+I169+I194+I219+I244+I269 -> 0 | J93: =J119+J144+J169+J194+J219+J244+J269 -> 0 | K93: =K119+K144+K169+K194+K219+K244+K269 -> 0 | L93: =L119+L144+L169+L194+L219+L244+L269 -> 0 | M93: =M119+M144+M169+M194+M219+M244+M269 -> 0 | ... S93: =S119+S144+S169+S194+S219+S244+S269 -> 0
E94: 현물 | F94: =F120+F145+F170+F195+F220+F245+F270 -> 0 | G94: =G120+G145+G170+G195+G220+G245+G270 -> 0 | H94: =H120+H145+H170+H195+H220+H245+H270 -> 0 | I94: =I120+I145+I170+I195+I220+I245+I270 -> 0 | J94: =J120+J145+J170+J195+J220+J245+J270 -> 0 | K94: =K120+K145+K170+K195+K220+K245+K270 -> 0 | L94: =L120+L145+L170+L195+L220+L245+L270 -> 0 | M94: =M120+M145+M170+M195+M220+M245+M270 -> 0 | ... S94: =S120+S145+S170+S195+S220+S245+S270 -> 0
E95: 소계 | F95: =F121+F146+F171+F196+F221+F246+F271 -> 0 | G95: =G121+G146+G171+G196+G221+G246+G271 -> 0 | H95: =H121+H146+H171+H196+H221+H246+H271 -> 0 | I95: =I121+I146+I171+I196+I221+I246+I271 -> 0 | J95: =J121+J146+J171+J196+J221+J246+J271 -> 0 | K95: =K121+K146+K171+K196+K221+K246+K271 -> 0 | L95: =L121+L146+L171+L196+L221+L246+L271 -> 0 | M95: =M121+M146+M171+M196+M221+M246+M271 -> 0 | ... S95: =S121+S146+S171+S196+S221+S246+S271 -> 0
D96: 5 | E96: 현금 | F96: =F122+F147+F172+F197+F222+F247+F272 -> 0 | G96: =G122+G147+G172+G197+G222+G247+G272 -> 0 | H96: =H122+H147+H172+H197+H222+H247+H272 -> 0 | I96: =I122+I147+I172+I197+I222+I247+I272 -> 0 | J96: =J122+J147+J172+J197+J222+J247+J272 -> 0 | K96: =K122+K147+K172+K197+K222+K247+K272 -> 0 | L96: =L122+L147+L172+L197+L222+L247+L272 -> 0 | M96: =M122+M147+M172+M197+M222+M247+M272 -> 0 | ... S96: =S122+S147+S172+S197+S222+S247+S272 -> 0
E97: 현물 | F97: =F123+F148+F173+F198+F223+F248+F273 -> 0 | G97: =G123+G148+G173+G198+G223+G248+G273 -> 0 | H97: =H123+H148+H173+H198+H223+H248+H273 -> 0 | I97: =I123+I148+I173+I198+I223+I248+I273 -> 0 | J97: =J123+J148+J173+J198+J223+J248+J273 -> 0 | K97: =K123+K148+K173+K198+K223+K248+K273 -> 0 | L97: =L123+L148+L173+L198+L223+L248+L273 -> 0 | M97: =M123+M148+M173+M198+M223+M248+M273 -> 0 | ... S97: =S123+S148+S173+S198+S223+S248+S273 -> 0
E98: 소계 | F98: =F124+F149+F174+F199+F224+F249+F274 -> 0 | G98: =G124+G149+G174+G199+G224+G249+G274 -> 0 | H98: =H124+H149+H174+H199+H224+H249+H274 -> 0 | I98: =I124+I149+I174+I199+I224+I249+I274 -> 0 | J98: =J124+J149+J174+J199+J224+J249+J274 -> 0 | K98: =K124+K149+K174+K199+K224+K249+K274 -> 0 | L98: =L124+L149+L174+L199+L224+L249+L274 -> 0 | M98: =M124+M149+M174+M199+M224+M249+M274 -> 0 | ... S98: =S124+S149+S174+S199+S224+S249+S274 -> 0
D99: 총계 | E99: 현금 | F99: =F125+F150+F175+F200+F225+F250+F275 -> 0 | G99: =G125+G150+G175+G200+G225+G250+G275 -> 0 | H99: =H125+H150+H175+H200+H225+H250+H275 -> 0 | I99: =I125+I150+I175+I200+I225+I250+I275 -> 0 | J99: =J125+J150+J175+J200+J225+J250+J275 -> 0 | K99: =K125+K150+K175+K200+K225+K250+K275 -> 0 | L99: =L125+L150+L175+L200+L225+L250+L275 -> 0 | M99: =M125+M150+M175+M200+M225+M250+M275 -> 0 | ... S99: =S125+S150+S175+S200+S225+S250+S275 -> 0
E100: 현물 | F100: =F126+F151+F176+F201+F226+F251+F276 -> 0 | G100: =G126+G151+G176+G201+G226+G251+G276 -> 0 | H100: =H126+H151+H176+H201+H226+H251+H276 -> 0 | I100: =I126+I151+I176+I201+I226+I251+I276 -> 0 | J100: =J126+J151+J176+J201+J226+J251+J276 -> 0 | K100: =K126+K151+K176+K201+K226+K251+K276 -> 0 | L100: =L126+L151+L176+L201+L226+L251+L276 -> 0 | M100: =M126+M151+M176+M201+M226+M251+M276 -> 0 | ... S100: =S126+S151+S176+S201+S226+S251+S276 -> 0
E101: 합계 | F101: =F127+F152+F177+F202+F227+F252+F277 -> 0 | G101: =G127+G152+G177+G202+G227+G252+G277 -> 0 | H101: =H127+H152+H177+H202+H227+H252+H277 -> 0 | I101: =I127+I152+I177+I202+I227+I252+I277 -> 0 | J101: =J127+J152+J177+J202+J227+J252+J277 -> 0 | K101: =K127+K152+K177+K202+K227+K252+K277 -> 0 | L101: =L127+L152+L177+L202+L227+L252+L277 -> 0 | M101: =M127+M152+M177+M202+M227+M252+M277 -> 0 | ... S101: =S127+S152+S177+S202+S227+S252+S277 -> 0
C103: 2-2-3. 연구개발기관별-연차별 사용계획
D104: 가. 공동연구개발기관명 :
...
